-- phpMyAdmin SQL Dump
-- version 5.2.1
-- https://www.phpmyadmin.net/
--
-- Host: 127.0.0.1
-- Generation Time: Dec 10, 2023 at 07:51 AM
-- Server version: 10.4.28-MariaDB
-- PHP Version: 8.2.4

SET SQL_MODE = "NO_AUTO_VALUE_ON_ZERO";
START TRANSACTION;
SET time_zone = "+00:00";


/*!40101 SET @OLD_CHARACTER_SET_CLIENT=@@CHARACTER_SET_CLIENT */;
/*!40101 SET @OLD_CHARACTER_SET_RESULTS=@@CHARACTER_SET_RESULTS */;
/*!40101 SET @OLD_COLLATION_CONNECTION=@@COLLATION_CONNECTION */;
/*!40101 SET NAMES utf8mb4 */;

--
-- Database: `ediy`
--

-- --------------------------------------------------------

--
-- Table structure for table `event`
--

CREATE TABLE `event` (
  `id` int(5) NOT NULL,
  `id_kategori` int(5) NOT NULL,
  `nama` varchar(50) NOT NULL,
  `deskripsi` varchar(1000) NOT NULL,
  `lokasi` varchar(1000) NOT NULL,
  `tanggal_event` date NOT NULL,
  `foto` varchar(255) NOT NULL,
  `status` varchar(50) NOT NULL DEFAULT 'pending',
  `tanggal_selese` date NOT NULL,
  `status_waktu` varchar(50) NOT NULL DEFAULT 'upcoming',
  `detail` varchar(1000) NOT NULL
) ENGINE=InnoDB DEFAULT CHARSET=utf8mb4 COLLATE=utf8mb4_general_ci;

--
-- Dumping data for table `event`
--

INSERT INTO `event` (`id`, `id_kategori`, `nama`, `deskripsi`, `lokasi`, `tanggal_event`, `foto`, `status`, `tanggal_selese`, `status_waktu`, `detail`) VALUES
(7, 1, 'SUMONAR', '<p>Event yang diselenggarakan setiap tahunnya di Kota Jogja. Bahkan pada tahun ini, masuk ke dalam kalendar Karisma Event Nusantara (KEN) tahun. Terdiri dari berbagai acara menarik ada Video Mapping Show, Art Exhibition, Workshop Seni Cahaya, Sumonium Seni Berbasis Cahaya, Art Performances, Live Performance, dan masih banyak lagi</p>', 'Museum Affandi', '2023-11-25', 'sumonar.jpeg', 'accept', '2023-12-05', 'past', 'https://www.instagram.com/p/Cz7gmMph7XU/?igshid=MzRlODBiNWFlZA=='),
(8, 1, 'AMEX 2023', '<p>Bertajuk \"Beyond the Border, Connecting Cultures\". Tentang interkoneksi budaya yang dihasilkan perdagangan maritim di Asia Tenggara, khususnya di Nusantara. Melampaui batas-batas wilayah dan teritorial, para penguasa lautan dari penjuru Asia Tenggara dan berbagai belahan dunia mengembara untuk melakukan perdagangan di Asia Tenggara.</p>', 'Gedung Pamer Tempororer Museum Sonobudoyo', '2023-11-07', 'amex.jpeg', 'accept', '2023-12-30', 'upcoming', 'https://www.instagram.com/reel/C0DhdB3ykTk/?igshid=MzRlODBiNWFlZA=='),
(9, 1, 'TUR BERBISIK #1', '<p>TUR BERBISIK hadir melalui data yang melibatkan masyarakat sekitar sebagai partisipan. Data itu kemudian diterjemahkan menjadi karya dengan berbagai media. Condongcatur kemudian muncul berkali-kali dalam tiap karya sebagai peristiwa dan agenda-nama wilayah ini berkembang lebih dari sekedar sebuah tempatan dan hunian</p>', 'Yayasan Rumah DAS', '2023-11-05', 'tur.jpeg', 'accept', '2023-12-05', 'past', 'https://instagram.com/rumah__das?igshid=OGQ5ZDc2ODk2ZA=='),
(10, 1, 'FASB', '<p>Hadir dengan tema “Gemilang Akuntan Dewantara Muda: Sentuhan Harmoni Seni dan Budaya Sejalan dengan Ajaran Kosentris se-Asia Tenggara “</p>', 'Auditorium UST', '2023-12-09', 'fasb.jpeg', 'accept', '2023-12-09', 'upcoming', 'https://instagram.com/fasb_accounting.ust?igshid=OGQ5ZDc2ODk2ZA=='),
(11, 1, 'ARTJOG 2023', '<p>By using the term \"motif\" as the title of the exhibition, ARTJOG wants to present a variety of visual treasures that have been worked on by the artists so far. Meanwhile, the word \"lamaran\" (in English: proposal) is an attempt to get closer to exploring various languages of motifs and how the artists express them. A proposal to the artists is a form of appreciation for the creative motifs that they have been performing so far.</p>', 'Jogja National Museum', '2023-06-30', 'artjog.jpeg', 'accept', '2023-08-27', 'past', 'https://artjog.id/2023/'),
(12, 1, 'BIANNALE JOGJA 17', '<p>Dengan judul ‘TITEN: Pengetahuan Menumbuh, Pijakan Berubah’ untuk menunjukkan gerakan yang beragam namun saling beririsan dengan praktik yang tumbuh di kawasan Global Selatan dan relasi historisnya pada lintas Selatan ke Selatan.</p>', 'Taman Budaya Yogyakarta, Area Pabrik Gula Madukismo, Area Panggungharjo, Area Bangunjiwo', '2023-10-06', 'biannale.jpeg', 'accept', '2023-11-25', 'past', 'https://biennalejogja.org/2023/'),
(13, 1, 'VREDEBURG FAIR 2023', '<p>Vredeburg Fair #9 hadir kembali Terinspirasi dari Satoe tujuan untuk Tetap tegaknya Indonesia dengan Bersatunya rakyat semesta.Sebuah pemaknaan terhadap keluh perjuangan yang perlu terus diceritakan untuk mendukung dan menjaga Satoe Indonesia dan Indonesia Bersatu.Mari sejenak, Luangkan waktu menikmati ragam rasa Satoe Tetap Bersatu.</p>', 'Museum Benteng Vredeburg', '2023-09-20', 'vrede.jpeg', 'accept', '2023-11-23', 'past', 'https://instagram.com/museum.benteng.vredeburg?igshid=OGQ5ZDc2ODk2ZA=='),
(14, 1, 'PESTA WAYANG 2023', '<p>Dalam rangka peringatan Hari Wayang Nasional dan Dunia, Akademi Komunitas Negeri Seni dan Budaya Yogyakarta melaksanakan beberapa kegiatan yang bertajuk PESTA WAYANG 2023 dengan tema Dewa Ruci: “Mawayang hayu eksistensi dan konservasi”.</p>', 'Akademi Komunitas Negeri (AKN) Seni dan Budaya Yogyakarta', '2023-11-13', 'pesta.jpeg', 'accept', '2023-11-18', 'past', 'https://instagram.com/pestawayang?igshid=OGQ5ZDc2ODk2ZA=='),
(15, 5, 'PEKAN BUDAYA DIFABEL', '<p>Dinas Kebudayaan DIY mengangkat tema Obah Mamah Mingset Greget. Selama sepekan, PBD diharapkan mampu menjadi magnet bagi masyarakat untuk berkunjung. Hal ini sesuai harapan agar PBD memberikan dampak positif bagi masyarakat setempat. PBD merupakan ajang unjuk diri dan peningkatan kapasitas untuk kalangan difabel,\" katanya.</p>', 'Rumah Domes Sengir, Kalurahan Sumberharjo, Kapanewon Prambanan', '2023-11-07', 'difabel.jpeg', 'accept', '2023-12-03', 'past', 'https://instagram.com/pekanbudayadifabel?igshid=OGQ5ZDc2ODk2ZA=='),
(16, 5, 'JOGJA FASHION WEEK', '<p>vent Jogja Fashion Week juga menjadi wadah efektif untuk mem-branding karya karya desainer Yogya ke pasar nasional dan mancanegara.</p>', 'Jogja Expo Center', '2023-11-09', 'jfw.jpeg', 'accept', '2023-11-12', 'past', 'https://jogjafashionweek.id/'),
(17, 5, 'JOGJA CULTURAL WELLNESS FESTIVAL 2023', '<p>Ada 4 rangkaian dalam event ini yaitu, Cultural Immersion Experiences, Mindfulness &amp; Body Activities, Educational Programs, dan Festive Cultural &amp; Bazaar. Rangkaian kegiatan ini memadukan perjalanan terencana oleh para wisatawan dalam jangka waktu sementara, ke tempat-tempat tertentu dengan aktivitas utama, dan berkaitan dengan wellness untuk mencapai kualitas hidup yang baik.</p>', 'Candi Prambanan', '2023-11-05', 'jcwf.jpeg', 'accept', '2023-12-05', 'past', 'https://www.instagram.com/jcwf.id/?utm_source=ig_web_button_share_sheet&igshid=OGQ5ZDc2ODk2ZA=='),
(18, 5, '18TH JOGJA-NETPAC ASIAN FILM', '<p>Jogja-NETPAC Asian Film Festival (JAFF) is a premier Asian film festival in Indonesia focusing on the development of Asian cinema. This festival not only contributes to introducing Asian cinema to a wider public in Indonesia, but it also provides a space for the intersection of many sectors such as arts, culture, and tourism.</p>', 'Empire XXI-LPP Yogyakarta', '2023-11-25', 'jaff.jpeg', 'accept', '2023-12-02', 'past', 'https://jaff-filmfest.org/'),
(19, 5, 'JOGJA FASHION CARNAVAL', '<p>PAWAI KEMERDEKAAN JOGJA FASHION CARNIVAL DALAM RANGKA HUT KE 78 RI. Dengan tema\"Titis Ginaris Sunar Binabar\".</p>', 'Sepanjang Jalan Malioboro', '2023-08-26', 'fashioncar.jpeg', 'accept', '2023-08-26', 'past', 'https://www.instagram.com/p/CwHG-IPLCe1/?utm_source=ig_web_copy_link&igshid=MzRlODBiNWFlZA=='),
(20, 5, 'WAYANG JOGJA NIGHT CARNIVAL', '<p>Dalam rangkaian Hari Ulang Tahun Kota Yogyakarta yang ke 267, kali ini Wayang Jogja Night #8 (WJNC #8), event terbesar Kota Yogyakarta mengangkat tema wayang\"Pandawa Mahabhiseka\"</p>', 'Kawasan Tugu Yogyakarta', '2023-10-07', 'wayang.jpeg', 'accept', '2023-10-07', 'past', 'https://www.instagram.com/p/CxWynIHyNAa/?igshid=MzRlODBiNWFlZA=='),
(21, 5, 'KIRAB BUDAYA BEKAKAK', '<p>Upacara ini ditujukan untuk menghormati pengabdian tokoh masyarakat di daerah tersebut yakni Ki Wirasuta dan istrinya, seorang abdi dalem yang setia terhadap Sri Sultan Hamengkubuwono I atau Pangeran Mangkubumi.</p>', 'Balai Kalurahan Ambarketawang-Gunung Gamping', '2023-09-01', 'kirab.jpeg', 'accept', '2023-09-01', 'past', 'https://twitter.com/k_ambarketawang'),
(22, 5, 'LAMPION WISH', '<p>Tema Karnaval Budaya &amp; 1000 Lampion Wish Obelix Hills 2023 adalah kebudayaan Desa Wukirharjo, Prambanan, Sleman, Yogyakarta. Acara ini merupakan hasil kerjasama dengan Dinas Pariwisata Sleman, yang akan menyajikan beragam atraksi seni dan budaya khas desa Wukirharjo. Puncak acara akan ditandai dengan pelepasan 1.000 Lampion Wish, yang telah menjadi ikon tahunan dari Festival Kebudayaan Obelix Hills.</p>', 'Obelix hills', '2023-10-08', 'lampion.jpeg', 'accept', '2023-10-08', 'past', 'https://www.instagram.com/reel/CxzB0aXpbZ8/?utm_source=ig_web_copy_link&igshid=MzRlODBiNWFlZA=='),
(23, 3, 'FESTIVAL KULINER DUNIA', '<p>Kegiatan ini dikenal dengan Festival Kuliner Dunia karena memang seluruh tenant terdiri dari berbagai macam makanan khas negara-negara di dunia.</p>', 'Jogja City Mall', '2023-10-27', 'kdunia.jpeg', 'accept', '2023-11-05', 'past', 'https://www.instagram.com/p/Cz7gmMph7XU/?igshid=MzRlODBiNWFlZA=='),
(24, 3, 'PASAR KREATIF \"LARIS MANIS\"', '<p>Bertajuk \"Beyond the Border, Connecting Cultures\". Tentang interkoneksi budaya yangdihasilkan perdagangan maritim di Asia Tenggara, khususnya di Nusantara. Melampaui batas-batas wilayah dan teritorial, para penguasa lautan dari penjuru Asia Tenggara dan berbagai belahan dunia mengembara untuk melakukan perdagangan di Asia Tenggara.</p>', 'Lapangan Eks.Kampus STIEKER', '2023-11-24', 'larismanis.jpeg', 'accept', '2023-11-26', 'past', 'https://www.instagram.com/reel/C0DhdB3ykTk/?igshid=MzRlODBiNWFlZA==\"'),
(25, 3, 'PASAR GUMEBYAR', '<p>Seminggu kedepan, kawasan Kabupaten Gunungkidul akan menjadi tuan rumah untuk &nbsp;acara budaya yang tak boleh terlewatkan “PASAR GUMEBYAR” dalam rangka Festival Kebudayaan Yogyakarta. Acara ini akan menghadirkan beragam kegiatan menarik yang pastinya akan memikat perhatian.</p>', 'Taman Budaya Gunungkidul', '2023-10-08', 'gumebyar.jpeg', 'accept', '2023-10-13', 'past', 'https://www.instagram.com/reel/CyFfq9LShvP/?utm_source=ig_web_copy_link'),
(26, 3, 'MALIOBORO COFFE NIGHT', '<p>Memperingati International Coffee Day dan HUT Kota Jogja tahun ini Komunitas Kopi Nusantara akan menyelenggarakan “Malioboro Coffee Night 2023”. Tak ada tempat yang lebih menggembirakan untuk pecinta kopi, karena disini kamu akan bertemu langsung dengan 30 Petani Kopi Terbaik di Nusantara, kamu akan dapat melihat dan merasakan langsung betapa nikmatnya kopi terbaik ini.</p>', 'Menara Kopi Malioboro', '2023-10-01', 'mcn.jpeg', 'accept', '2023-10-06', 'past', 'https://www.instagram.com/p/Cx4AVSvy1cA/?utm_source=ig_web_copy_link'),
(27, 3, 'PASAR KANGEN JOGJA 2023', '<p>Pasar Kangen Jogja akan menghadirkan aneka kuliner tradisional nusantara yang sangat unik dan jarang dijumpai. Selain itu sobat kangen semua jg dapat bernostalgia di area kerajinan. Disitu akan ada banyak benda2 antik dan kerajinan lainnya yg sekarang sudah sangat jarang dijumpai.</p>', 'Taman Budaya Jogja', '2023-07-27', 'pkangen.jpeg', 'accept', '2023-08-05', 'past', 'https://www.instagram.com/pasarkangen/?utm_source=ig_web_button_share_sheet&igshid=OGQ5ZDc2ODk2ZA=='),
(28, 3, 'JOGJA COFFEE WEEK', '<p>Jogja Coffee Week adalah sebuah acara yang ditujukan untuk menghargai filosofi dan seluruh proses yang dilalui kopi. Kami dengan senang hati menyambut anda para penikmat kopi yang ingin berpartisipasi dalam acara ini. Kami tunggu kehadirannya untuk ikut memeriahkan Jogja Coffee Week.</p>', 'Jogja Expo Center', '2023-09-01', 'coffeweek.jpeg', 'accept', '2023-09-05', 'past', 'https://www.instagram.com/jogjacoffeeweek.id/?utm_source=ig_web_button_share_sheet&igshid=OGQ5ZDc2ODk2ZA=='),
(29, 3, 'PEKAN PIKNIK WIGUNA', '<p>Pasar Wiguna menjadi daya tarik tersendiri bagi mereka yang mulai sadar akan hidup sehat dan selaras dengan alam. Ini bisa dilihat bagaimana ke-24 kerabat karya yang dipilih banyak bergerak pada bidang makanan sehat dan penjualan produk yang ramah alam. Tak sekadar berjualan produk UMKM, Pasar Wiguna juga menerapkan nilai-nilai Jawa dalam keberlangsungannya. Beberapa penjual terlihat mengenakan kebaya dan surjan yang dipadukan dengan celana sehingga tetap tampak modis. Ini bisa jadi bukti bahwa modernisasi, alam, dan adat bisa berjalan secara selaras.</p>', 'Taman Ambarukmo', '2023-08-06', 'wiguna.jpeg', 'accept', '2023-08-06', 'past', 'https://www.instagram.com/pasarwiguna/?utm_source=ig_web_button_share_sheet&igshid=OGQ5ZDc2ODk2ZA=='),
(30, 3, 'JIFHEX 2023', '<p>Jogja International Food &amp; Horeca Expo akan menampilkan berbagai brand terkemuka untuk manjawab tantangan yang dihadapi industri makanan dan horecaBerbagai brand terkemuka akan hadir di JIFHEX 2023 untuk manjawab tantangan yang dihadapi industri makanan dan horeca.</p>', 'Jogja Expo Center', '2023-08-04', 'jifhex.jpeg', 'accept', '2023-08-06', 'past', 'https://www.instagram.com/jogteafest/?utm_source=ig_web_button_share_sheet&igshid=OGQ5ZDc2ODk2ZA=='),
(31, 2, 'Swara Prambanan', '<p>Rayakan Malam Tahun Baru di kota Jogja Istimewa. Bersama kita bangun instalasi seni “Bukti Cinta ke-1000”. Nikmati juga suasana otentik Jogja lewat pertunjukan Sendratari Ramayana, serta keseruan lainnya.</p>', 'Taman Wisata Candi Prambanan', '2023-12-31', 'swaraprambanan.png', 'accept', '2023-12-31', 'upcoming', 'https://swaraprambanan.com/'),
(32, 2, 'KONSER SIMFONI:ULTIMA CARTA', '<p>Feel the euphoria of Richard Wagner Tannhäuser Overture, Paganini Violin Concerto No.1 Op.6, Radityawan Gilar Risangaji Cello Concerto in C Minor Op.7, and Mendelssohn Symphony No.4 in A Major Op.9 Conducted by Budi Utomo Prabowo</p>', 'Taman Budaya Yogyakarta', '2023-12-07', 'ultima.jpeg', 'accept', '2023-12-07', 'past', 'https://instagram.com/orkes.mahasiswa_official?igshid=OGQ5ZDc2ODk2ZA=='),
(33, 2, 'JOGJAROCKARTA', '<p>Jogjarockarta is an international-class rock music festival that has been held annually since 2017. The festival features a lineup of international and national rock musicians, making it an idol for annual rock music festivals in Indonesia.</p>', 'Kridosono Stadium', '2024-01-27', 'jogjarockarta.jpeg', 'accept', '2024-01-27', 'upcoming', 'https://jogjarockartafestival.com/'),
(34, 2, 'FARMASI FESTIVAL 2023', '<p>Closing Ceremony FarFest 2023 UAD with perfoming Tiara Andini and Juicy Luicy.</p>', 'Sportarium UMY', '2023-12-02', 'farfest.jpeg', 'accept', '2023-12-02', 'past', 'https://www.instagram.com/p/Czxeb4fPUPL/?igshid=MzRlODBiNWFlZA=='),
(35, 2, 'SYMPHONY GUMUK PASIR 2023', '<p>Event tahunan yang diselenggarakan di area Gumuk Pasir Pantai Parangtritis yang tujuannya mengenalkan Gumuk Pasir Pantai Parangtritis kepada seluruh dunia agar mendatangkan wisatawan yang pada akhirnya mampu meningkatkan kesejahteraan masyarakat Kabupaten Bantul.</p>', 'Gumuk Pasir Parangtritis, Bantul', '2023-09-24', 'symphony.JPG', 'accept', '2023-09-24', 'past', 'https://bantulkab.go.id/berita/detail/6083.html'),
(36, 2, 'EXPANSION', '<p>Kemanusiaan adalah senyuman bersinar di tengah lautan wajah cemas. Ini tentang berhubungan dengan orang lain dan menyadari apa yang paling penting dalam hubungan dengan apa yang paling kita hargai. Mari mengejutkan diri kita sendiri dengan kemanusiaan kita sendiri.</p>', 'Taman Budaya Gunung Kidul', '2023-11-11', 'expansion.jpeg', 'accept', '2023-11-11', 'past', 'https://instagram.com/igerssaka?igshid=OGQ5ZDc2ODk2ZA=='),
(37, 2, 'WILD GROUND FEST', '<p>Tidak sekadar festival music, Wild Ground Fest juga menyajikan berbagai activities yang bisa diikuti pengunjung. Kolaborasi dengan beberapa komunitas dikemas melalui interactive talkshow, street art exhibition, skate, photography exhibition, FnB, clothing expo, movie screening, dan cooking show by artist.</p>', 'Candi Prambanan', '2023-11-11', 'wild.jpeg', 'accept', '2023-11-12', 'past', 'https://wildgroundfest.com/'),
(38, 2, 'NGAYOGJAZZ', '<p>Ngayogjazz 2023 diadakan untuk memperluas ruang ekspresi musik jazz dan membuatnya lebih dapat diakses oleh berbagai kalangan. Penyelenggaranya adalah seniman dan komunitas musik jazz lokal di Yogyakarta, sehingga para penggemar jazz dapat menikmati penampilan beragam musisi tanpa dibatasi oleh kelas.</p>', 'Gancahan, Sidomulyo, Godean', '2023-11-18', 'ngayogjazz.JPG', 'accept', '2023-11-18', 'past', 'https://ngayogjazz.com/'),
(39, 4, 'KEJUARAAN PACUAN KUDA DERBY', '<p>Kejuaraan Pacuan Kuda Jogja Derby Piala Raja Hamengku Buwono X ke 13 Tahun 2023 Jangan lupa nonton dan dapatkan berbagai macam doorprize yang menarik!.</p>', 'Gelanggang Pacuan Kuda Sultan Agung, Bantul', '2023-11-12', 'kuda.jpeg', 'accept', '2023-11-12', 'past', 'https://www.instagram.com/arfartcinema/?utm_source=ig_web_button_share_sheet&igshid=OGQ5ZDc2ODk2ZA=='),
(40, 4, 'MALIOBORO RUN', '<p>Event lari tahunan yang disokong BPD DIY, Malioboro Run kembali digelar. Seperti namanya, Malioboro Run berpusat di Jalan Maliboro. Tahun ini para pelari diajak menyusuri Sumbu Filosofi Jogja yang baru saja disahkan UNESCO menjadi Warisan Budaya Dunia.</p>', 'Malioboro', '2023-10-29', 'mrun.jpeg', 'accept', '2023-10-29', 'past', 'https://maliobororun.id/'),
(41, 4, 'SLEMAN TEMPLE RUN', '<p>Sleman Temple Run menjadi satu-satunya konsep lari di dunia yang disajikan dengan berlari melintasi Kawasan candi-candi yang terletak di Wilayah Bokoharjo, Kabupaten Sleman.</p>', 'Candi Banyunibo', '2023-11-05', 'temple.jpeg', 'accept', '2023-11-05', 'past', 'https://slemantemplerun.com/'),
(42, 4, 'JOGJA INTERNATIONAL HERITAGE WALK', '<p>Jogja International Heritage Walk merupakan kegiatan Jalan Kaki (Jalan Wisata) berskala internasional. Kegiatan ini bertujuan untuk menerapkan pola hidup sehat dengan berjalan kaki. Selain itu JIHW juga memperkenalkan dan mempromosikan heritage Indonesia, khususnya Yogyakarta</p>', 'Candi Prambanan Joglo Pusung, Pancoh, Turi', '2023-11-18', 'hrwalk.jpeg', 'accept', '2023-11-19', 'past', 'https://www.jogjaheritagewalk.com/'),
(43, 4, 'JOGJA PLESIRIDE', '<p>Mengusung slogan ‘Ora Balapan Mung Plesiran’, Jogja PlesiRide 2023 memang bukan kompetisi sepeda, melainkan kegiatan yang bersifat fun. Pegowes tak perlu buru-buru ke garis finis dan bisa merasakan pengalaman bersepeda yang seru bareng teman, keluarga, ataupun komunitas.</p>', 'Yogyakarta', '2023-10-21', 'plesiride.jpeg', 'accept', '2023-10-21', 'past', 'https://jogjaplesiride.com/'),
(44, 4, 'AMBARRUKMO VOLCANO RUN', '<p>Ambarrukmo Volcano Run menjadi salah satu perlombaan lari yang paling dinantikan di tahun 2023. Selain menawarkan keseruan berlari, acara ini juga memiliki berbagai kategori lomba yang dapat dipilih peserta, mulai dari kategori 5K hingga half-marathon sejauh 21K. Bagi pecinta olahraga lari, Ambarrukmo Volcano Run menjadi kesempatan yang sempurna untuk menguji kemampuan dan kecepatan. Perlombaan ini juga memperebutkan hadiah-hadiah menarik dengan total puluhan juta rupiah dan doorprizes yang menggiurkan.</p>', 'Museum GunungApi Merapi', '2023-05-28', 'volcano.jpeg', 'accept', '2023-05-28', 'past', 'https://volcanorun-jogja.com/'),
(45, 4, 'COAST TO COAST NIGHT TRAIL ULTRA 2023', '<p>Keunikan Coast To Coast Race adalah larinya di pesisir atau di dataran rendah, sehingga pelari dapat merasakan tantangan rute yang berbeda dari lari lintas alam lainnya, seperti rute berpasir, karang, dan pesisir matahari. Namun para peserta juga disuguhkan pemandangan sunrise &amp; sunset yang indah di pesisir pantai Indonesia. Menjadi salah satu BAROMETER kesuksesan lomba lari lintas alam di Indonesia.</p>', 'Pesisir Pantai Depok, Bantul', '2023-02-25', 'ctc.jpeg', 'accept', '2023-02-26', 'past', 'https://www.instagram.com/ctc.ultra/?utm_source=ig_web_button_share_sheet&igshid=OGQ5ZDc2ODk2ZA=='),
(46, 4, 'LIMA(BASKETBALL)', '<p>LIMA memiliki maksud dan tujuan untuk menciptakan wadah yang mampu menjadi tempat berkarya bagi para mahasiswa maupun mahasiswi di Indonesia di bidang olahraga.</p>', 'Univeritas Atmajaya Yogyakarta', '2023-10-26', 'lima.jpeg', 'accept', '2023-11-04', 'past', 'https://www.instagram.com/p/CyvafgSJ2k2/?igshid=MzRlODBiNWFlZA==');

-- --------------------------------------------------------

--
-- Table structure for table `kategori_event`
--

CREATE TABLE `kategori_event` (
  `id` int(5) NOT NULL,
  `nama_kategori` varchar(50) NOT NULL
) ENGINE=InnoDB DEFAULT CHARSET=utf8mb4 COLLATE=utf8mb4_general_ci;

--
-- Dumping data for table `kategori_event`
--

INSERT INTO `kategori_event` (`id`, `nama_kategori`) VALUES
(1, 'Art'),
(2, 'Music'),
(3, 'Culinary'),
(4, 'Sport'),
(5, 'Carnival');

-- --------------------------------------------------------

--
-- Table structure for table `kategori_wisata`
--

CREATE TABLE `kategori_wisata` (
  `id` int(5) NOT NULL,
  `nama_kategori` varchar(50) NOT NULL
) ENGINE=InnoDB DEFAULT CHARSET=utf8mb4 COLLATE=utf8mb4_general_ci;

--
-- Dumping data for table `kategori_wisata`
--

INSERT INTO `kategori_wisata` (`id`, `nama_kategori`) VALUES
(1, 'Nature'),
(2, 'Heritage'),
(3, 'Religi');

-- --------------------------------------------------------

--
-- Table structure for table `user`
--

CREATE TABLE `user` (
  `id` int(5) NOT NULL,
  `username` varchar(50) NOT NULL,
  `email` varchar(50) NOT NULL,
  `password` varchar(50) NOT NULL,
  `role` varchar(50) NOT NULL DEFAULT 'user'
) ENGINE=InnoDB DEFAULT CHARSET=utf8mb4 COLLATE=utf8mb4_general_ci;

--
-- Dumping data for table `user`
--

INSERT INTO `user` (`id`, `username`, `email`, `password`, `role`) VALUES
(2, 'admin', 'admin@gmail.com', '21232f297a57a5a743894a0e4a801fc3', 'admin'),
(3, 'ryan', 'y@email.com', '202cb962ac59075b964b07152d234b70', 'user'),
(4, 'a', 'a@a.com', '202cb962ac59075b964b07152d234b70', 'user'),
(5, 'b', 'b@b.com', '202cb962ac59075b964b07152d234b70', 'user'),
(6, 'c', 'c@c.com', '202cb962ac59075b964b07152d234b70', 'user'),
(7, 'c', 'c@c.com', '202cb962ac59075b964b07152d234b70', 'user'),
(8, 'd', 'd@d.com', '202cb962ac59075b964b07152d234b70', 'user'),
(9, 'e', 'e@e.com', '202cb962ac59075b964b07152d234b70', 'user'),
(10, 'd', 'd@d.com', '202cb962ac59075b964b07152d234b70', 'user'),
(11, 'user', 'usr@usr.com', '202cb962ac59075b964b07152d234b70', 'user'),
(12, 'belina', 'belina@gmail.com', '202cb962ac59075b964b07152d234b70', 'user');

-- --------------------------------------------------------

--
-- Table structure for table `wisata`
--

CREATE TABLE `wisata` (
  `id` int(5) NOT NULL,
  `nama` varchar(50) NOT NULL,
  `deskripsi` varchar(10000) NOT NULL,
  `harga_tiket` varchar(500) NOT NULL,
  `jam_operasional` varchar(500) NOT NULL,
  `fasilitas` varchar(500) NOT NULL,
  `lokasi` varchar(1000) NOT NULL,
  `id_kategori` int(5) NOT NULL,
  `foto1` text NOT NULL,
  `foto2` text NOT NULL,
  `foto3` text NOT NULL,
  `status` varchar(50) NOT NULL DEFAULT 'pending'
) ENGINE=InnoDB DEFAULT CHARSET=utf8mb4 COLLATE=utf8mb4_general_ci;

--
-- Dumping data for table `wisata`
--

INSERT INTO `wisata` (`id`, `nama`, `deskripsi`, `harga_tiket`, `jam_operasional`, `fasilitas`, `lokasi`, `id_kategori`, `foto1`, `foto2`, `foto3`, `status`) VALUES
(1, 'Benteng Vredeburg', '<p>Letak Benteng Vredeburg Yogyakarta di kawasan nol kilometer pusat Kota Yogyakarta menjadikan sebuah daya tarik bagi para wisatawan. Benteng ini dikelilingi oleh bangunan-bangunan kuno peninggalan jaman Belanda seperti Gedung Agung (bekas rumah residen), gereja Ngejaman (GPIB Margamulya), bekas Senisono (menyatu dengan Gedung Agung), kantor BNI 1946, kantor Pos, kantor Bank Indonesia dan Societeit Militaire. Benteng Vredeburg menjadi tujuan wisata budaya yang unik dan khas di Yogyakarta.<br><br>Dalam pelayanannya kepada masyarakat, museum Benteng Vredeburg tidak lepas dari unsur-unsur pendidikan karena pada dasarnya museum memiliki dua fungsi yaitu sebagai rekreasi sekaligus tempat pendidikan. Informasi tentang kesejarahan, kebudayaan dan nilai-nilai luhur kejuangan disampaikan kepada generasi muda dalam nuansa edutainment, yang berasal dari kata education dan entertainment.Demikianlah, Benteng Vredeburg yang sekarang menjadi Museum Benteng Vredeburg Yogyakarta telah melekat dengan Kota Yogyakarta. Latar belakang sejarah Kota Yogyakarta baik sebagai ibukota Kasultanan Yogyakarta dan ibukota NKRI tidak dapat dipisahkan dengan sejarah Benteng Vredeburg Yogyakarta. Pelestarian Benteng Vredeburg sebagai museum bukan berarti pengagungan simbol kejayaan kolonial. Akan tetapi tujuannya untuk mendapatkan fungsi baru yang dapat memberikan informasi dan aspirasi perjuangan nasional bagi generasi mendatang.<br><br>Museum bersejarah ini semakin berinovasi untuk menarik minat pengunjung. Melalui program-program yang ditawarkan kini museum ini menjadi tempat favorit anak-anak dan remaja. Pengunjung kini bisa mengunduh aplikasi Artefak sebagai panduan pada saat berkunjung ke museum. Dengan aplikasi ini pengunjung bisa menjelajahi diorama ke diorama sambil memindai berbagai koleksi.<br><br>Di museum ini penggunaan aplikasi hanya bisa di Diorama II dan Diorama III. Hanya dengan memindai barcode yang tertera pengunjung akan menerima keterangan hasil. Ketika memasuki museum, pengunjung akan disuguhkan berbagai koleksi diorama. Sejauh ini ada 4 diorama yang terpajang, antara lain:<br><br>Diorama I: Terdiri dari 11 minirama yang menggambarkan peristiwa periode Pangeran Diponegoro hingga masa pendudukan Jepang di Yogyakarta.<br><br>Diorama II : Terdiri dari 19 minirama yang menggambarkan peristiwa sejarah proklamasi kemerdekaan hingga dengan agresi militer Belanda di Indonesia<br><br>Diorama III : Terdiri dari 18 minirama yang menggambarkan peristiwa penjanjian Renville hingga pengakuan kedaulatan Republik Indonesia Serikat.<br><br>Diorama IV : Terdiri dari 7 minirama yang menggambarkan peristiwa sejarah periode Negara Kesatuan Republik Indonesia hingga pada masa Orde baru.</p>', '<ol><li>Anak-anak: Rp2.000,00</li><li>Dewasa: Rp3.000,00</li><li>Wisata Asing: Rp5.000,00</li><li>*minimal 20 pengunjung dapat diskon 50%</li></ol>', '<p>Senin: Tutup</p><ul><li>Selasa-Kamis: 07.30-16.00 WIB</li><li>Jumat-Minggu: 07.30-16.30 WIB</li></ul>', '<ol><li>Kantin</li><li>Ruang PPK</li><li>Ruang Laktasi</li><li>Area Bermain Anak</li><li>Area Hotspot dan Charging Station</li><li>Kamar Mandi</li><li>Mushola</li><li>Lapangan Parkir</li></ol>', 'https://www.google.com/maps/embed?pb=!1m14!1m8!1m3!1d15811.604462683448!2d110.3661642!3d-7.800293!3m2!1i1024!2i768!4f13.1!3m3!1m2!1s0x2e7a5788c0b3eecf%3A0xb9611ce0232a9ff8!2sVredeburg%20Museum!5e0!3m2!1sen!2sid!4v1701251373767!5m2!1sen!2sid', 2, 'vredeburg.JPG', 'benteng.JPEG', 'vred1.JPEG,vred2.JPEG,vred3.JPEG,vred4.JPEG,vred5.JPEG', 'accept'),
(3, 'HeHa Ocean View', '<p>HEHA Ocean View Yogyakarta baru resmi berdiri pada bulan Februari 2021. Objek wisata ini terletak di tepi tebing pantai selatan dengan lahan yang luas. Sehingga pemandangan laut selatan yang luas akan terlihat jelas dari atas tebing.<br><br>Aktivitas yang dapat dilakukan di HEHA Ocean View, yaitu swafoto, kuliner, dan sebagainya. Utamanya, objek wisata ini menawarkan wahana foto yang menarik dengan pemandangan laut. Selain itu pengunjung dapat menikmati momen matahari terbenam di tepi tebing. Tidak hanya itu obyek wisata ini juga menyediakan tempat nongkrong dan kuliner.HEHA Ocean View cukup terkenal dengan wahana fotonya yang sangat indah. Bahkan, banyak wisatawan yang berasal dari luar kota rela berkunjung ke sini. Sementara untuk wahana fotonya sendiri terletak di area bawah sehingga pengunjung harus melewati jalan menurun. Apabila pengunjung merasa lelah dapat menyewa ojek untuk pulang dan pergi.<br><br>Wahana foto yang tersedia cukup banyak, seperti hexagram, bingkai pelangi, dan pink horizon. Selain itu, terdapat wahana foto pesawat dan balon udara bertuliskan HEHA Ocean View. Sebagian besar wahana foto berlatar belakang pemandangan pantai yang indah. Bahkan tempat duduk yang digunakan untuk makan pun sering menjadi tempat berfoto.<br><br>Lokasi obyek wisata ini terletak di kawasan Gunung Kidul tak heran panorama tebing-tebing di sekitarnya terlihat jelas dari sini. Saat memasuki kawasan wisata pengunjung bisa menikmati pemandangan pantai selatan dari atas tebing. Tebing-tebing di sekitar objek wisata memiliki pemandangan bukit-bukit hijau.<br><br>Pemandangan pantai dan tebing akan terlihat sangat jelas pada pagi dan siang hari. Tetapi, pemandangan pada sore dan malam hari pun tidak kalah bagusnya. Pada saat malam hari keindahan kawasan wisata berhias lampu-lampu yang terang.<br><br>Di tempat wisata ini, pengunjung juga bisa menikmati pemandangan matahari terbenam. Pemandangan matahari terbenam tampak jelas karena lokasi wisata ini tepat di tepi tebing. Selain itu, pemandangannya tidak terhalangi bukit atau tebing di depannya. Sering kali pengunjung yang datang hanya untuk menikmati pemandangan matahari terbenam. Sambil menunggu matahari terbenam, pengunjung dapat bersantai di kursi yang telah tersedia. Tempat bersantai di HEHA Ocean View ini memiliki nuansa yang mirip dengan Bali.<br><br>Objek wisata ini memang tidak memperbolehkan membawa makanan dan minuman dari luar. Tetapi, pengunjung tetap bisa menikmati kuliner di dalam area wisata dengan harga terjangkau. Terdapat area kuliner di dalam kawasan wisata yang memiliki konsep seperti foodcourt.Berbagai menu makanan tersedia antara lain bakso, angkringan, dan hidangan laut. Selanjutnya ada juga menu ayam goreng, katsu, kentang goreng, dan sebagainya. Sedangkan untuk minuman tersedia beberapa pilihan seperti es campur, es cokelat jelly, dan lain-lain.</p>', '<ol><li>Tiket Masuk: Rp20.000,00</li><li>Tiket Masuk Trinity Glass, Santorini, Middle East: Rp30.000,00</li><li>Tiket Masuk Rainbow: Rp10.000,00</li><li>Tiket Masuk Pink Horizon: Rp15.000,00</li><li>Tiket Masuk Hexagon, TerraCurve, HEHA Air Baloon,<br>Waterfall, Casa De Pietra, Ring Stone: Rp20.000,00</li></ol>', '<ul><li>Senin-Jumat: 09.00-21.00 WIB</li><li>Sabtu, Minggu, Hari Libur Nasional: 08.00-21.00 WIB</li></ul>', '<ol><li>Berbagai spot foto menarik</li><li>Tempat makan, baik itu berupa restoran, food stall, dan juga aneka angkringan</li><li>Area taman dan kolam</li><li>Event stage untuk berbagai penampilan, termasuk live music</li><li>Mushola</li><li>Toilet</li><li>Pijet refleksi di area yang nyaman</li><li>Kios suvernir khas yogyakarta</li><li>Tempat parkir yang luas</li><li>Fasilitas penting lainnya adalah penginapan berupa glamping (glamour camping)</li></ol>', 'https://www.google.com/maps/embed?pb=!1m18!1m12!1m3!1d3949.9549832337143!2d110.45892981111791!3d-8.106066391889268!2m3!1f0!2f0!3f0!3m2!1i1024!2i768!4f13.1!3m3!1m2!1s0x2e7baf44df070221%3A0x997d9f484bcd7d09!2sHeHa%20Ocean%20View!5e0!3m2!1sen!2sid!4v1701279199607!5m2!1sen!2sid', 1, 'hehaOcean.jpeg', 'heha.JPG', 'heha1.JPG,heha2.JPEG,heha3.JPEG,heha4.JPEG,heha5.JPEG', 'accept'),
(4, 'Masjid Gedhe Mataram', '<p>Masjid Gedhe Mataram Kotagede ini merupakan masjid yang paling tua dan pertama di kawasan Keraton Jogja. Sehingga wajar jika memiliki sejarah panjang yang membuat banyak orang penasaran. Di bangun pada 1575 sampai 1601 Masehi oleh raja pertama Mataram Islam yang bernama Panembahan Senopati. Dalam proses pembangunnya banyak dibantu etnis Hindu.<br><br>Tepatnya mengikuti Ki Ageng Pemanahan yang merupakan ayah dari Panembahan Senopati dalam perjalanan hijrah dari Pajang menuju Mataram. Karena inilah ada beberapa ciri khas dari bangunan yang bentuknya masih berhubungan dengan Hindu. Masyarakat sekitar membangun pada bagian masjidnya, sementara Umat Hindu pada bagian pagarnya.<br><br>Konsep tersebut diajarkan oleh Sunan Kalijaga dan sampai saat ini masih dipertahankan. Inilah juga yang menjadi alasan mengapa bentuk bangunan Masjid Gedhe Mataram sampai saat ini tidak diubah. Terutama pada bagian pintu gerbang utara yang belum mengalami renovasi sama sekali. Mempertahankan bentuk dari bangunan asli ini bukanlah tanpa alasan, melainkan sebagai upaya untuk akulturasi budaya. Pada saat itu masyarakat memang masih belum menerima Agama Islam, dan masjid ini sebagai cara untuk menyebarkan agama Islam. Seiring waktu berjalan bangunan masjid cantik ini mengalami perkembangan.<br><br>Daya Tarik yang Dimiliki Masjid Gedhe Mataram<br><br><strong>1. Terdapat Pohon Wringin Sepuh</strong><br>Ada beberapa keunikan yang membedakan Masjid Gedhe Mataram Kotagede ini dengan masjid lainnya. Seperti kehadiran pohon beringin besar yang dikenal dengan Wringin Sepuh. Konon katanya siapa yang bertapa di bawah pohon ini kemudian ada dua dahan jatuh dengan posisi telentang dan telungkup, maka keinginannya akan terwujud.<br><br><strong>2. Arsitektur Masjid yang Unik</strong><br>Arsitektur juga mencuri perhatian dengan gaya jawa tradisional dengan bentuk limasan. Anda bisa melihat bagian atap masjid yang bentuknya limasan dan dibagi menjadi dua ruang. Ruang tersebut terdiri dari bagian inti dan serambi. Di sekitar masjid, wisatawan juga bisa melihat parit yang pada zaman dahulu digunakan untuk tempat wudhu.<br><br>Ruangan utama masjid menggunakan pintu masuk yang jumlahnya ada tiga, semua dibuat dari kayu jati. Pada ruang utama masjid, anda akan menemukan empat soko guru yang juga dibuat dari kayu jati. Masjid Gedhe Mataram juga memiliki mihrab dengan tiang semu di bagian atas. ada juga pawestren atau tempat sholat wanita yang dihubungkan ke ruang utama dengan pintu.<br><br><strong>3. Terdapat Kompleks Makam</strong><br>Area masjid di Kotagede ini memang sangat luas, di bagian selatan masjid terdapat juga kompleks makam dari keluarga Keraton Mataram Islam. Kompleks makam sendiri dibagi menjadi tiga bagian yakni Prabayaksa di bagian depan, Witana di tengah dan Tajug di bagian belakang. Bangunan di belakang masjid cantik ini saat ini dikelola langsung oleh Keraton.</p>', '<ol><li>Parkir Motor: Rp2.000,00</li><li>Parkir Mobil: Rp5.000,00</li></ol>', '<ul><li>Senin - Minggu: 24jam</li></ul>', '<ol><li>Toilet</li><li>Tempat Wudhu</li><li>Serambi Masjid</li><li>Kolam untuk ikan-ikan</li></ol>', 'https://www.google.com/maps/embed?pb=!1m14!1m8!1m3!1d15810.502888276897!2d110.3981784!3d-7.8293783!3m2!1i1024!2i768!4f13.1!3m3!1m2!1s0x2e7a579138df1541%3A0x5edee4c57d47f40a!2sMasjid%20Gedhe%20Mataram%20Kotagede!5e0!3m2!1sen!2sid!4v1701253422189!5m2!1sen!2sid', 3, 'gedhemataram.JPEG', 'gedhe.JPEG', 'gm1.JPEG,gm2.JPEG,gm3.JPEG,gm4.JPEG,gm5.JPG', 'accept'),
(5, 'Gua pindul', '<p>Gua Pindul-Terletak di desa Bejiharjo, Kecamatan Karangmojo, Kabupaten Gunung Kidul. Wisata ini terkenal dengan wisata alam susur gua dengan aliran sungai yang ada pada sepanjang lorong gua. Sebelum terkenal seperti saat ini, dulunya gua pindul dijadikan tempat mandi, mencuci pakaian oleh warga sekitar. Selain itu gua pindul dijadikan warga sekitar sebagai. tempat habitat ikan sebagai lauk makan sehari-hari. Gua pindul memiliki panjang kurang lebih 300 meter, lebar 5 meter, jarak permukaan air dengan atap gua 4 meter, dan kedalaman air sekitar 5 meter.<br>Gua Pindul memiliki debit air yang relatif tenang baik pada musim penghujan maupun musim kemarau. Sehingga melakukan cave tubing di Gua Pindul cocok untuk dilakukan oleh para pemula maupun anak kecil. Cavetubing sendiri adalah kegiatan menyusuri gua dengan naik di atas ban dalam. Di dalam gua ini memiliki 3 zona, yaitu zona terang, zona remang, serta zona gelap. Waktu tempuh yang digunakan untuk cave tubing sekitar 45 menit. Disaat kalian berada di dalam gua, kalian bisa menemukan sebuah stalagtit yang menyatu dengan stalagmit sehingga tampak seperti sebuah pilar dengan ukuran lebar. Sesampainya di tengah gua, kalian bisa melihat sebuah ruangan yang agak besar dan ada lubang di atasnya. Warga setempat menyebutnya sumur terbalik, dikarenakan sinar matahari yang masuk melalui lubang ini dan membuat suasana semakin indah.<br>Keindahan di Gua Pindul sebagi berikut:<br>Caving Tubing di Gua Pindul<br>Daya Tarik dari Gua Pindul adalah kegiatan susur gua atau cave tubing. Dimana bagi para pengunjung yang datang bisa melakukan Cave Tubing dengan arahan Guide yang memandu kalian untuk menikmati perjalanan susur gua menggunakan ban dalam mobil melalui zona terang, zona remang, dan zona gelap yang bisa dinikmati dalam waktu 45 menit. Disana pula kalian bisa berfoto dengan latar belakang gua yang sangat indah.<br>River Tubing di Kali Oyo<br>Apabila kalian belum merasa puas dengan kegiatan cave tubing, maka kalian bisa melanjutkan aktifitas lainnya yang tak kalah menantang yakni menelusuri Kali Oyo. Kali Oyo masih berada di sekitar kawasan gua dengan memiliki panjang 1.500 meter. Seperti cave tubing, kegiatan ini juga menelusuri sungai menggunakan ban dalam.<br>Pesona keindahan alam kali ini terdapat pada tebing-tebing yang terdapat di sepanjang aliran kali. Kedalaman kali ini antara 7-11 meter, namun kalian tidak perlu khawatir. Dikarenakan para pengunjung akan dilengkapi peralatan rompi pelampung dan seorang pemandu. Untuk bisa menelusuri Kali ini, kalian tidak boleh sembarangan menceburkan diri ke dalam air, dikarenakan para pengunjung diwajibkan memakai peralatan yang lengkap dan dipandu oleh guide.<br>Keindahan Sumur Terbalik<br>Ketika kalian menelusuri gua, maka saat berada di tengah-tengah akan melihat ruangan yang agak besar. Ruangan yang sangat menarik dikarenakan terdapat lubang di atasnya. Warga menyebutnya sebagai sumur terbalik. Penyebutan sumur terbalik berkaitan dengan keindahan sinar matahari melalui lubang yang membawa keindahan. Selain itu, lubang ini juga dipakai untuk masuk tim SAR atau latihan.</p>', '<ul><li>Tiket Retribusi: Rp 10.000/orang</li><li>Tiket Masuk Goa Pindul Dewasa Rp40.000&nbsp;</li><li>Tiket Masuk Goa Pindul Anak(1-5tahun) Rp 20.000</li></ul>', '<p>Senin-Minggu: 07.00 - 19.00 WIB</p>', '<ol><li>Area parkir</li><li>Jaket pelampung</li><li>Ban karet</li><li>Jasa pemandu</li><li>Penginapan</li><li>Tempat Sholat</li><li>Pelindung kepala</li><li>Tabung oksigen</li><li>Rumah Makan</li></ol>', 'https://www.google.com/maps/embed?pb=!1m18!1m12!1m3!1d3951.63364082906!2d110.64438821111615!3d-7.93327709205764!2m3!1f0!2f0!3f0!3m2!1i1024!2i768!4f13.1!3m3!1m2!1s0x2e7bb3458abe4f09%3A0xd54ced46ae184848!2sGoa%20Pindul%20Jogja!5e0!3m2!1sen!2sid!4v1701279098773!5m2!1sen!2sid', 1, 'goapindul.JPEG', 'goa.JPEG', 'gp1.JPG,gp2.JPEG,gp3.JPEG,gp4.JPEG,gp5.JPEG', 'accept'),
(6, 'Tebing Gunung Gajah ', '<p>Wisata ini menjadi salah satu tempat hits yang berada di Kulon progo saat ini. Wisata yang baru buka tahun 2017 ini mampu menyedot perhatian para wisatawan yang datang dengan panorama pemandangan pegunungannya. Tebing gunung gajah sendiri berada di ketinggian kurang lebih 900 mdpl dengan luas kurang lebih 2 hektar. Selain menyuguhkan keindahan alamnya, tempat wisata ini juga menyuguhkan berbagai macam permainan yang dapat memacu adrenalin. Diantaranya ada treetop 10 jalur, permainan tali, susur gua dan flying fox. Ada juga berbagai spot selfie yang menarik dan instagramable yang menjadi daya tarik tersendiri. Suasana yang begitu alami dengan pepohonan yang hijau menjadi ciri khas tebing gunung gajah ini.<br>Daya tarik Wisata<br>Spot Foto Bulan Sabit, Spot Foto Sky Bar, Spot Foto Top Bunga dan Gembok Cinta<br>Tempat ini menjadi spot favorit dikarenakan posisinya di ketinggian dan bisa melihat pemandangan hijau dari atas dengan penampakan bukit menoreh serta Waduk Sermo yang berada di tengah-tengah. Cocok bagi kalian yang ingin melepas penat sambil berselfie. Di spt gembok cinta kalian bisa mengukir nama kalian dan pasangan kalian serta membuang kunci ke arah lembah.<br>Wahana Permainan Outbound seperti Flying Fox dan Treetop.<br>Di tempat wisata ini kalian juga bisa memacu adrenalin kalian dengan mencoba wahana ekstrim yang menantang. Treetop disini yakni lintasan yang dimana menghubungkan antara pohon satu dengan pohon yang lainnya. Lintasannya terdiri dari tali dan papan kayu. Jumlahnya ada 10 dengan kemiringan kurang lebih 45 derajat hingga 60 derajat, Perlengkapan wahana ini sudah sangat memadai, sehingga kalian tidak perlu khawatir. Selain itu Prosesnya juga didampingi oleh instruktur yang terlatih.<br>Wisata Alam Susur Gua<br>Untuk wisata susur gua sendiri para wisatawan yang ingin mencoba kalian akan dibawa menyusuri Gunung Gajah. Namun tidak perlu khawatir dikarenakan kalian bisa menggunakan jasa pemandu yang telah disediakan. Kalian bisa menikmati keindahan alam lainnya yang berada disana.</p>', '<ul><li>Tiket Masuk Rp 5.000</li><li>Tiket Wahana Treetop Rp50.000</li><li>Susur Gua Rp25.000</li><li>Flying Fox Rp15.000</li><li>Parkir Motor Rp2.000</li><li>Parkir Mobil Rp5.000</li></ul>', '<p>Senin-Minggu: 09.00 - 17.00 WIB</p>', '<ol><li>Area Parkir yang luas</li><li>Mushola</li><li>Kafetaria</li><li>Tolilet</li><li>Akses Wifi gratis</li><li>Tempat isi ulang baterai gratis</li><li>Jasa Foto</li></ol>', 'https://www.google.com/maps/embed?pb=!1m18!1m12!1m3!1d3953.1198120157983!2d110.10377111111477!3d-7.777118692210099!2m3!1f0!2f0!3f0!3m2!1i1024!2i768!4f13.1!3m3!1m2!1s0x2e7aefb06c226433%3A0x5eb03bf4b057aa1e!2sTebing%20Gunung%20Gajah!5e0!3m2!1sen!2sid!4v1701279630904!5m2!1sen!2sid', 1, 'tbgajah.JPEG', 'tbgajah.JPG', 'tg1.JPG,tg2.JPG,tg3.JPG,tg4.JPG,tg5.JPG', 'accept'),
(7, 'Puncak Suroloyo', '<p>Puncak Suroloyo yang terletak di Kulonprogo, DI Yogyakarta, adalah puncak tertinggi Perbukitan Menoreh. Selain jadi wisata alam, Puncak Suroloyo juga jadi destinasi wisata sejarah karena punya beberapa pertapaan. Puncak Suroloyo merupakan perbukitan yang berada di dekat Candi Borobudur dan merupakan puncak tertinggi yang berada di Perbukitan Menoreh. Dari atas puncak wisatawan bisa melihat keindahan Yogyakarta dan keindahan Candi Borobudur di Kabupaten Magelang jika dilihat dari atas awan bak negeri di atas awan di legenda-legenda.<br>Puncak Suroloyo memiliki pesona daya tarik yang disuguhkan, antara lain:<br>1. Pemandangan yang menakjubkan<br>Dari ketinggian puncak yang berada di ketinggian 1000 meter di atas permukaan laut, Anda bisa menikmati keindahan Kota Yogyakarta dan Magelang serta keindahan Candi Borobudur yang berdiri tegak dengan diselimuti awan. Beberapa gunung terbesar di Jawa Tengah juga dapat Anda saksikan dari atas puncak antara lain Gunung Sumbing, Gunung Merbabu, Gunung Sindoro, dan Gunung Merapi.<br>Karena faktor jarak yang menghalangi tempat-tempat tersebut tidak dapat terlihat dengan jelas, Anda disarankan untuk membawa teropong agar tempat-tempat yang Anda lihat bisa terlihat dengan jelas. Anda dapat menikmati panorama bak negeri di atas awan yang terdapat di legenda-legenda maupun cerita dongeng.<br>2. Tiga buah pendopo<br>Di area puncak Anda dapat menemukan tiga buah pendopo yang berada di tempat yang berbeda-beda yang dapat Anda manfaatkan sebagai gardu pandang. Tiga buah pendopo tersebut dimulai dari pendopo yang berada paling bawah yakni Pendopo Suroloyo. Kemudian naik ke atas terdapat Pendopo Sariloyo dan yang terakhir Pendopo Pertapaan Kaendaran yang berada paling tinggi.<br>3. Menikmati sunrise dan sunset<br>Hal ini akan sangat menakjubkan untuk Anda yang hobi menikmati pemandangan matahari terbit dan matahari terbenam. Dari puncak, Anda akan menikmati indahnya matahari terbit yang bersamaan dengan Gunung Merapi. Sementara itu saat matahari terbenam, Anda akan melihat matahari tenggelam perlahan dengan Pegunungan Menoreh sebagai latarbelakang.<br>4. Kabut<br>Kabut inilah yang menjadi daya tarik tersendiri untuk Anda yang mengunjungi Puncak Suroloyo saat cuaca sedang tidak bersahabat. Dengan adanya kabut itulah Anda akan merasa berada di negeri di atas awan. Anda akan melihat kabut yang menyelimuti pemandangan yang terbentang di sepanjang area puncak.<br>5. Patung Bathara Guru<br>Di atas puncak Anda dapat menemukan patung Bathara Guru yang menghadap ke arah dataran luas sembari menaiki Lembu Andini. Patung Bathara Guru merupakan gambaran Dewa Siwa dalam agama Hindu. Anda dapat menjadikannya spot foto yang bagus untuk memenuhi galeri foto Anda dengan foto-foto yang cantik.<br>6. Kemistisan suasana<br>Setiap peninggalan sejarah pasti memiliki cerita mistis di dalamnya serta mitos-mitos yang membuatnya menjadi keunikan tersendiri. Berdasarkan cerita yang berkembang di masyarakat konon katanya puncak ini merupakan puncak yang dijadikan tempat napak tilas Sultan Agung Hanyokrokusumo yang mendapatkan wangsit sebelum ia bertapa di tempat tersebut.<br>Selain itu, terdapat cerita lain yang mengatakan bahwa tempat ini dahulunya merupakan lokasi rumah tokoh punokawan dan merupakan kiblat pancering bumi (pusat dari 4 penjuru bumi). Tak heran jika tempat tersebut memiliki suasana mistis yang menyelimutinya dikarenakan mitos dan cerita mengenainya yang berkembang di masyarakat.<br>7. Kopi Suroloyo<br>Anda dapat bersantai-santai di atas puncak dengan menimati segelas kopi yang diolah sendiri oleh petani lokal. Setiap pengunjung dapat memiliki kesempatan untuk menikmati kopi olahan lokal berjenis kopi arabika dan kopi robusta yang akan membuat Anda lebih syahdu ditemani pemandangan yang elok dan memanjakan mata.</p>', '<ul><li>Tiket Masuk Rp5.000</li><li>Parkir Motor Rp2.000</li><li>Parkir Mobil Rp5.000</li><li>Ojek Rp50.000</li></ul>', '<p>Senin-Minggu : 00:00-23.59 WIB</p>', '<ol><li>Tersedia toilet</li><li>Tersedia warung-warung makanan dan minuman</li><li>Tersedia tempat penginapan berupa villa atau homestay</li><li>Tersedia tempat parkir</li></ol>', 'https://www.google.com/maps/embed?pb=!1m18!1m12!1m3!1d15817.368608267325!2d110.17081639864455!3d-7.646307327406269!2m3!1f0!2f0!3f0!3m2!1i1024!2i768!4f13.1!3m3!1m2!1s0x2e7af2d144fd0c11%3A0xb15fc2d3a87b7512!2sSuroloyo%20Peak!5e0!3m2!1sen!2sid!4v1701279416382!5m2!1sen!2sid', 1, 'suroloyo.JPEG', 'puncak.JPG', 'ps1.JPG,ps2.JPEG,ps3.JPEG,ps4.JPEG,ps5.JPEG', 'accept'),
(8, 'Air Terjun Randusari', '<p>Air terjun randusari merupakan salah satu objek wisata alam di Bantul yang lagi hits. Yogyakarta memang sangat cocok dinamakan Daerah Istimewa sebab berbagai keistimewaan ada di dalamnya, mulai dari warisan budaya nya yang kental, warisan kulinernya yang mendunia, serta tempat wisata alamnya yang cantik dan indah, tak heran jika banyak para wisatawan baik domestik maupun mancanegara datang ke tempat ini.<br>Di Kabupaten Bantul sendiri terdapat banyak sekali destinasi wisata alam, sebab memang kondisi alam di Bantul memang masih sangat asri hingga. Hingga yang sedang booming dibicarakan adalah air terjun randusari, si air terjun kembar yang unik dan menarik.Dilihat dari namanya saja air terjun ini sangat unik yaitu randu atau pohon kapuk dalam bahasa indonesianya ternyata memang benar nama randusari memang diambil dari nama pohon kapuk besar yang hidup di dekat air terjun randusari lalu penambahan nama sari yang berarti utama.<br>Sebelum dibuka menjadi destinasi wisata dahulunya air di tempat ini dimanfaatkan warga sebagai sumber air bersih, namun seiring berjalannya waktu serta melihat potensi alam di sekitarnya yang sangat menawan dan asri para warga sekitar khususnya pemuda karang taruna memanfaatkannya atau mengubahnya menjadi tempat wisata. Sumber mata air dari air terjun ini berasal dari mata air Ngreboh, dimana pada awalnya dimanfaatkan oleh warga setempat sebagai tempat memenuhi kebutuhan pengairan mereka, dan konon katanya sumber mata air Ngreboh tidak pernah kering meski pada musim kemarau.<br>Air terjun randusari memiliki keunikan tersendiri yaitu terdapat dua air terjun seperti kembar, oleh sebab itu banyak pengunjung yang menyebutnya sebagai air terjun kembar, yang masih alami dan di bawah pepohonan yang rindang, dengan udara bersih, nyanyian gemericik air dan disambut kicauan burung dan nyanyian jangkrik, serta lingkungan alam yang masih hijau dan asri sangat memberikan kenyamanan dan kedamaian bagi para pengunjung.<br>Daya Tarik Air Terjun ini adalah:<br>-Banyak Ditemukan Pohon Randu<br>Daya tarik pertama yang bisa diketahui dari area wisata ini yaitu Anda akan menemukan banyak pohon randu. Hal tersebut juga yang menjadi alasan mengapa air terjun ini diberi nama Randusari. Bagi anda yang tidak tahu dengan pohon randu, orang biasanya juga menyebut pohon ini sebagai pohon kapas. Makna dari kata randu ini yaitu bersih.<br>Sedangkan untuk sari diartikan dengan Utama. Jika digabungkan maka dapat diartikan sebagai air sumber air bersih yang utama. Penamaan tersebut dilatarbelakangi dengan masyarakat yang menjadikannya sebagai sumber mata air untuk memenuhi kebutuhan hidup. Airnya yang bersih membuatnya layak untuk memenuhi kebutuhan masak dan sebagainya.<br>-Panorama yang Menakjubkan<br>Daya tarik lain yang tidak kalah menarik yaitu pemandangan alam mempesona di sekitarnya. Jika Anda memang datang dengan tujuan untuk mendapatkan ketenangan dan melihat pemandangan hijau maka keputusan datang ke Air Terjun Randusari ini sangatlah tepat. Keindahan yang diberikan di kawasan wisata ini tidak akan mematahkan ekspektasi Anda.<br>-Keunikan Air Terjun<br>Keunikan terakhir yang tidak mungkin terlewatkan yaitu dengan menyaksikan kemegahan dari Air Terjun Randusari Jogja yang mengalir dari ketinggian. Diprediksikan bahwa air terjun ini memiliki tinggi sekitar 15 meter dan kedalaman sekitar 2 meter. Bermain air dan menikmati kesegarannya menjadi aktivitas yang wajib untuk dilakukan ketika memilih datang ke destinasi wisata alam ini.</p>', '<ul><li>Tiket Masuk: Rp2.000</li><li>Tiket Parkir Mobil: Rp5.000</li><li>Tiket Parkir Motor: Rp2000</li></ul>', '<p>Senin-Minggu: 07.00-17.00 WIB</p>', '<ol><li>Lahan parkir yang luas dan mampu menampung banyak kendaraan.&nbsp;</li><li>Gazebo yang bisa dijadikan sebagai tempat bersantai dan beristirahat.</li><li>toilet umum yang bersih</li><li>tempat sampah di beberapa titik tempat wisata</li><li>rumah makan yang ada di sekitaran tempat wisata</li></ol>', 'https://www.google.com/maps/embed?pb=!1m18!1m12!1m3!1d3951.7835260981315!2d110.4844506472903!3d-7.917666771813325!2m3!1f0!2f0!3f0!3m2!1i1024!2i768!4f13.1!3m3!1m2!1s0x2e7a5309eb70ebad%3A0x3aa9fd9555a59d0e!2sAir%20Terjun%20Randusari!5e0!3m2!1sen!2sid!4v1701278948298!5m2!1sen!2sid', 1, 'randusari.JPEG', 'airterjun.JPEG', 'rs1.JPG,rs2.JPG,rs3.JPG,rs4.JPEG,rs5.JPG', 'accept'),
(9, 'Museum Ullen Sentalu', '<p>Museum Ullen Sentalu diresmikan oleh Gubernur DI Yogyakarta Sri Paduka Paku Alam VIII pada tanggal 1 Maret 1997. “Ullen Sentalu\" adalah akronim suatu falsafah dalam Bahasa Jawa \"Ulating Blencong Sejatining Tataraning Lumaku\" yang bermakna \"terang adalah penuntun jalan kehidupan\".&nbsp;<br><br>Museum Ullen Sentalu hadir berlandaskan inklusivitas dan merupakan ruang bagi dialog budaya dari masa lalu, kini, hingga mendatang. Ullen Sentalu berperan dalam menjembatani tantangan proses budaya masa kini melalui memori kolektif yang menjadi identitas budaya bangsa.Telusur dan kajian antar disiplin ilmu yang dikonfirmasi melalui berbagai temuan sejarah dan arkeologis merekonstruksi proses peradaban dari rentang waktu \"tak terputus\" yang menguak kedalaman memori kolektif \"tak terbatas\" warisan budaya bangsa. Memori kolektif dari proses peradaban dan sejarah bumi Jawa adalah landasan konstruktif terbentuknya identitas budaya Jawa.&nbsp;<br><br>Visi dan misi Museum Ullen Sentalu adalah merajut benang merah melalui rekonstruksi peradaban dan sejarah Jawa hingga hadir gambaran utuh pribadi dan karakter budaya bangsa. Sebagai lembaga permanen yang bertanggung jawab menjaga dan melestarikan warisan budaya tangible (bendawi) dan terutama intangible (tak-bendawi), Museum Ullen Sentalu berperan sebagai zona pertemuan antara para pewaris budaya dengan warisannya.</p>', '<ul><li>Tur Adiluhung Mataram : Rp 50.000</li><li>Tur Skriptorium : Rp 60.000</li><li>Tur Vorstenlanden : Rp 100.000</li><li>English Guided Tour : Rp 100.000</li></ul>', '<p>Senin : TUTUP<br>Selasa-Minggu: 08.30 - 16.00 WIB<br>Tur terakhir : 15.15 WIB</p>', '<ol><li>ruang music</li><li>Guwo Selo Giri,</li><li>pameran prasejarah</li><li>papan informasi yang lengkap,&nbsp;</li><li>denah museum yang komplit,</li><li>toilet</li><li>musholla</li><li>guide</li><li>area parkir</li><li>restoran unik bergaya gothik</li></ol>', 'https://www.google.com/maps/embed?pb=!1m18!1m12!1m3!1d3954.7895764896894!2d110.42081561111313!3d-7.597865592385364!2m3!1f0!2f0!3f0!3m2!1i1024!2i768!4f13.1!3m3!1m2!1s0x2e7a5e02fd790ab9%3A0xa3fe6035b0792671!2sMuseum%20Ullen%20Sentalu!5e0!3m2!1sen!2sid!4v1701279742118!5m2!1sen!2sid', 2, 'ullensentalu.JPG', 'ullen.JPG', 'ullen1.JPG,ullen2.JPEG,ullen3.JPEG,ullen4.JPEG,ullen5.JPEG', 'accept'),
(10, 'Taman Sari', '<p>Taman Sari merupakan taman miliki Keraton Yogyakarta yang sudah dibangun sejak tahun 1758 dan selesai bulan September 1765. Pada awalnya taman yang dibangun atas perintah Sultan Hamengkubuwono I ini memiliki nama The Fragrant Garden dengan luas 10 hektar. Pembangunan Taman Sari ini dipimpin oleh Tumenggung Mangundipuro dan berlokasi di bekas keraton lama yakni Pesanggrahan Garjitawati. Dengan luas total 10 hektar tersebut terdapat sekitar 57 bangunan mulai dari gedung, kolam, jembatan gantung, hingga lorong bawah tanah. Namun saat ini hanya tersisa sedikit bangunan Taman Sari yang bisa Anda lihat karena sudah berbaur dengan masyarakat dan lainya. Meski begitu keindahan dari Taman Sari tetap bisa Anda nikmati dengan puas terutama pada area kolam dan juga Sumur Gumuling.<br>Taman Sari adalah situs bekas taman atau kebun istana Ngayogyakarta Hadiningrat. Bangunannya memiliki gaya arsitektur yang sangat unik, memadukan dua elemen antara arsitektur Portugis dengan arsitektur Jawa. Dalam kawasan Taman Sari juga terdapat kolam-kolam pemandian bekas peninggalan pendiri Keraton Yogyakarta yaitu Pangeran Mangkubumi atau Sri Sultan Hamengku Buwono I.<br>Keindahan dari Taman Sari membuatnya dijuluki Water Castle Jogja dan sering menjadi spot fotografi bagi banyak wisatawan. Hal paling ikonik adalah area kolam air berwarna hijau jernih. Dengan keindahan tersebut, kolam Taman Sari mampu menenangkan pikiran orang-orang yang melihatnya. Selain kolam pemandian, juga terdapat taman, tempat ganti pakaian, hingga lorong bawah tanah yang sering menjadi spot foto kece. Kamu bisa menyewa jasa tour guide dengan harga Rp. 50 ribu/orang.<br>Selain belajar sejarah, objek wisata ini juga menawarkan spot foto yang sangat Instagramable. Sehingga menjadikan foto liburan terbaik. Meski bangunan Taman Sari terlihat sudah kuno, tapi punya nilai sejarah dan budaya yang sangat kental.</p>', '<ul><li>Tiket Masuk Anak Domestik 2-12 Tahun Rp10.000</li><li>&nbsp;Tiket Masuk Dewasa Domestik Rp15.000</li><li>Tiket Masuk Anak Mancanegara Rp20.000</li><li>Tiket Masuk Dewasa Mancanegara Rp25.000</li></ul>', '<p>Selasa-Minggu: 09.00 - 15.00 WIB</p>', '<ol><li>Toilet Umum</li><li>Mushola</li><li>Tempat Parkir</li><li>Gazebo</li><li>Warung Makan</li><li>Porter Seped</li></ol>', 'https://www.google.com/maps/embed?pb=!1m14!1m8!1m3!1d15811.234726145709!2d110.3594581!3d-7.8100673!3m2!1i1024!2i768!4f13.1!3m3!1m2!1s0x2e7a5793d0c2cf2b%3A0x276a21f8a01cbe13!2sTaman%20Sari!5e0!3m2!1sen!2sid!4v1701249323456!5m2!1sen!2sid', 2, 'tamansari.JPG', 'tsari.JPG', 'ts1.JPEG,ts2.JPEG,ts3.JPEG,ts4.JPEG,ts5.JPG', 'accept'),
(11, 'Museum Gunung Merapi', '<p>Museum Gunung Merapi atau MGM dibangun untuk merekam jejak salah satu gunung berapi yang paling aktif di Indonesia. Selain itu merupakan sarana untuk pembelajaran mengenai gunung-gunung berapi aktif yang ada di belahan dunia. Di museum ini kamu juga dapat mempelajari banyak hal tentang Gunung Merapi serta proses bagaimana terjadinya gunung berapi meletus. Bentuk bangunannya pun unik dan dibangun berdasarkan filosofi dan budaya yang disesuaikan dengan aturan adat Jogja, yakni berbentuk kerucut yang menyerupai gunung api.Museum ini dibangun dengan tujuan untuk memberikan edukasi, informasi, tentang ilmu gunung berapi yang dibalut dengan konsep pariwisata. Museum Gunung Merapi hadir dengan susana alam yang sangat sejuk serta koleksi yang sangat menarik.<br>Ketika memasuki Museum Gunung Merapi kamu akan disambut oleh maket Gunung Merapi dengan ukuran yang cukup besar, maket tersebut dapat mengeluarkan asap serta suara yang bergemuruh.<br>Serta di salah satu sisinya terdapat tombol tahun yang merupakan tahun erupsi, jika salah satu tombol ditekan akan memberikan gambaran erupsi pada tahun-tahun tersebut. Sedangkan di ruangan yang lain, kamu akan menemukan display dari tipe letusan gunung api.<br>Museum Gunung Merapi memiliki koleksi yang sangat lengkap, bahkan disini ada juga sisa-sisa barang yang terselamatkan dari dahsyatnya letusan Gunung Merapi yang terjadi pada tahun 2006 lalu.Barang-barang tersebut berasal dari korban bungker Kaliadem berupa sepeda motor yang terkena semburan “wedus gembel” kala itu. Setelah puas melihat-lihat koleksi yang ada di Museum Gunung Merapi, kamu dapat menyaksikan sebuah film pendek yang berjudul Mahaguru Merapi.Film pendek ini akan memberikan gambaran tentang keberadaan Gunung Merapi yang bermanfaat untuk masyarakat sekitar, serta ketika Gunung Merapi yang meluluh lantakkan semua yang ada di sekitarnya.<br><br>&nbsp;</p>', '<ul><li>Tiket Wisatawan Domestik Rp5.000</li><li>Tiket Wisatawan Mancanegara Rp10.000</li><li>Tiket Ruang Audio Visual Domestik Rp5.000</li><li>Tiket Ruang Audio Visual Mancanegara Rp10.000</li></ul>', '<p>Senin: TUTUP<br>Selasa – Minggu: 08.00 – 15.30 WIB&nbsp;<br>Jumat: 08.00 – 14.30 WIB</p>', '<ol><li>Toilet</li><li>Area parkir yang luas</li><li>Souvenir Shop</li><li>Kantin</li><li>Koperasi</li><li>Ruang audio visual</li></ol>', 'https://www.google.com/maps/embed?pb=!1m14!1m8!1m3!1d15818.49233523259!2d110.4243329!3d-7.6159272!3m2!1i1024!2i768!4f13.1!3m3!1m2!1s0x2e7a5e6ec08af943%3A0xa843109615445506!2sMerapi%20Volcano%20Museum!5e0!3m2!1sen!2sid!4v1701250476852!5m2!1sen!2sid', 2, 'mgm.PNG', 'merapi.JPEG', 'mgm1.JPG,mgm2.JPG,mgm3.JPEG,mgm4.JPEG,mgm5.JPEG', 'accept'),
(12, 'Candi Prambanan', '<p>Candi Prambanan - Yogyakarta sudah menjadi salah satu tempat wisata menarik baik dalam bidang budaya maupun wisata sejarah. Di kota ini kita bisa menemukan beragam candi yang menyimpan kisah rakyat yang seru. Salah satu nama candi yang populer di kalangan masyarakat adalah Candi Prambanan. Candi ini sudah dibangun sejak ratusan tahun silam dan memiliki cerita mistis tersendiri yang membuatnya terasa beraura magis.<br>Candi Prambanan dikenal dengan corak agama Hindu. Pesona keindahan yang dimiliki oleh candi Jogja ini semakin hari semakin dipadati oleh wisatawan seakan tidak pernah luntur oleh zaman. Candi ini memiliki tinggi sekitar 47 m. Objek wisata ini terletak di bagian timur Yogyakarta diantara dua wilayah yakni Jawa Tengah dan Yogyakarta<br>Dibalik kisah sejarah yang begitu melekat di hati masyarakat karena melegenda, candi ini juga memiliki kemegahan dan keindahan yang sangat menarik. Daya tarik yang dimiliki oleh Candi Prambanan ini mampu menarik hati para wisatawan mancanegara maupun domestik. Pada saat musim berlibur tiba, candi ini seakan menjadi destinasi wisata wajib yang dikunjungi saat berada di Jogja.<br>Di kawasan wisata ini juga menampilkan pertunjukan yang sangat seru dan populer yakni pertunjukan Sendratari Ramayana atau Ramayana Ballet. Dalam pertunjukan ini mengisahkan alur cerita dari relief yang terdapat di dalam candi serta kisah Ramayana. Sayangnya untuk menikmati pertunjukkan ini pengunjung harus datang di malam hari dengan jadwal tertentu.<br>Selain itu, terdapat aktifitas seru yang bisa dilakukan oleh para wisatawan saat berkunjung di candi ini. Misalnya seperti hunting foto dengan berbagai macam background menarik. Pelataran yang indah dan luas mampu membuat foto dengan lanskap yang menakjubkan. Pada malam hari, lokasi wisata ini menjadi lebih menarik karena terdapat hiasan lampu sorot yang mengarah ke candi.<br>Para pengunjung juga dapat menyaksikan keindahan komplek Candi Prambanan sembari berjalan kaki santai. Di pelataran ini nampak pemandangan yang rimbun dan asri. Ada pula taman-taman lengkap dengan bunga cantik yang sangat menyejukkan mata. Pengunjung juga dapat menyaksikan candi-candi yang tedapat di lokasi wisata.<br>Jika pengunjung merasa lelah untuk berjalan kaki maka bisa menyewa sepeda ataupun naik kereta yang tersedia dengan harga terjangkau.</p>', '<ul><li>Tiket Dewasa Domestik Rp50.000&nbsp;</li><li>Tiket Anak(3-10tahun) Domestik Rp25.000</li><li>Tiket Dewasa Mancanegara Rp375.000&nbsp;</li><li>Tiket Anak(3-10tahun) Mancanegara Rp225.000</li></ul>', '<p>Senin-Minggu: 06.30-17.00 WIB</p>', '<ol><li>Gazebo</li><li>Mushola</li><li>Souvenir Shop</li><li>Toilet</li><li>Golf cart</li><li>Restoran</li><li>Papan informasi</li><li>Tempat parkir yang luas</li><li>Guide</li><li>Spot Foto</li></ol>', 'https://www.google.com/maps/embed?pb=!1m18!1m12!1m3!1d3953.3559337547763!2d110.48888711111455!3d-7.752020592234632!2m3!1f0!2f0!3f0!3m2!1i1024!2i768!4f13.1!3m3!1m2!1s0x2e7a5ae3dbd859d1%3A0x19e7a03b25955a2d!2sPrambanan%20Temple!5e0!3m2!1sen!2sid!4v1701279857244!5m2!1sen!2sid', 2, 'prambanan.JPEG', 'pramabanan.JPG', 'pr1.JPEG,pr2.JPG,pr3.JPEG,pr4.JPEG,pr5.JPG', 'accept'),
(13, 'Karaton Yogyakarta', '<p>Keraton Yogyakarta disebut juga Keraton Ngayogyakarta Hadiningrat ini memiliki nilai historis dan budaya yang tinggi. Hal ini terbukti dengan adanya ragam budaya yang masih kental di masyarakat sampai saat ini. Selain itu, konsep kesultanan juga masih bereksistensi di era modern ini. Hal yang paling mendukung yaitu dengan adanya Keraton Yogyakarta yang masih berdiri kokoh hingga saat ini. Kraton ini pun dibuka untuk umum, jadi para wisatawan lokal maupun mancanegara dapat mengunjungi kraton ini.<br>Keraton Ngayogyakarta Hadiningrat merupakan istana resmi milik Kesultanan Ngayogyakarta Hadiningrat yang didirikan oleh Sri Sultan Hamengku Buwono I tahun 1755. Keraton ini dibangun sebagai istana akibat perpecahan yang terjadi antara Keraton Surakarta Hadiningrat dari Mataram Islam Surakarta. Keraton tersebut memiliki total luas mencapai 184 hektare yang meliputi keseluruhan dalam benteng Baluwarti, alun-alun lor, alun-alun kidul, kompleks Masjid Gedhe Yogyakarta, dan gapura Gladak. Namun untuk luas inti dalam keraton yaitu 13 hektare. Diketahui bahwa yang mendesain Keraton Yogyakarta tak lain adalah Pangeran Mangkubumi atau Sri Sultan Hamengku Buwono I. Tata letak bangunan, pohon, sampai ukiran yang ada di keraton memiliki makna yang mendalam. Selain itu, ada fakta bahwa letak Keraton Yogyakarta, Tugu, dan Gunung Merapi berada dalam satu garis lurus.<br>Daya Tarik Wisata Keraton Yogyakarta ini adalah sebagai berikut:<br>Keraton Yang Dirancang Oleh Raja Pertama<br>Siapa sangka, bangunan yang berdiri kokoh di tengah Kota Yogyakarta ini adalah hasil rancangan pendirinya sendiri yang sekaligus menjabat sebagai raja pertama, yaitu Sri Sultan Hamengkubuwono I. Bangunan ini berarsitektur jawa kental. Terdapat bangunan joglo tertutup yang sering disebut sebagai Gedhong dan joglo terbuka yang disebut Tratag.<br>Koleksi Benda Bersejarah<br>Di tempat ini Anda juga bisa melihat beberapa koleksi sejarah yang dipajang di ruangan pameran keraton. Beberapa dari benda sejarah ini masih dipergunakan hingga saat ini.<br>Bangsal Sitihinggil<br>Bangsal ini terdapat di tengah - tengah bangunan keraton. Bangsal ini merupakan singgasana Sri Sultan Hamengkubuwono saat ada penyelenggaraan acara resmi.<br>Tanah Keraton<br>Yang paling menarik adalah tanah di Keraton Yogyakarta. Tanah yang terdapat di kraton ini bukanlah tanah seperti yang ada di pemukiman pada umumnya, karena tanah di Keraton Yogyakarta merupakan pasir yang diambil langsung dari Pantai Selatan (Parangtritis).</p>', '<ul><li>Tiket Masuk Domestik Anak Rp10.000</li><li>Tiket Masuk Domestik Dewasa Rp15.000</li><li>Tiket Masuk Mancanegara Anak Rp20.000</li><li>Tiket Masuk Mancanegara Dewasa Rp25.000</li></ul>', '<p>Senin: TUTUP<br>Selasa-Minggu : 07.00-14.00 WIB</p>', '<ol><li>Jasa pemandu wisata</li><li>Papan petunjuk alur wisata Keraton</li><li>Denah kraton</li><li>Toilet umum</li></ol>', 'https://www.google.com/maps/embed?pb=!1m14!1m8!1m3!1d15811.415704615638!2d110.3642031!3d-7.8052845!3m2!1i1024!2i768!4f13.1!3m3!1m2!1s0x2e7a5796db06c7ef%3A0x395271cf052b276c!2sKeraton%20Ngayogyakarta%20Hadiningrat!5e0!3m2!1sen!2sid!4v1701237937059!5m2!1sen!2s', 2, 'keraton.JPG', 'kraton.JPEG', 'keraton1.JPEG,keraton2.JPEG,keraton3.JPEG,keraton4.JPEG,keraton5.JPG', 'accept'),
(14, 'Monumen Yogya Kembali', '<p>Monumen Yogya Kembali atau lebih sering disebut Monjali merupakan salah satu bangunan bersejarah yang menjadi pengingat peristiwa perebutan kembali Jogja. Tempat wisata ini sangat populer di kalangan masyarakat karena bentuknya yang unik dan nilai sejarah yang ada di dalamnya. Anda bisa melihat berbagai macam barang peninggalan yang menjadi saksi dan bukti perjuangan rakyat Indonesia merebut kembali Jogja. Selain itu museum ini juga sering menjadi tempat rekreasi keluarga karena menyatu dengan Taman Pelangi dalam satu kawasan yang sama.<br>Pembangunan monumen ini tidak lepas dari peristiwa bersejarah Serangan Umum 1 Maret untuk membebaskan Yogyakarta dari pendudukan Belanda. Peristiwa penyerangan ini bermula dari Agresi Militer II Belanda yang berupaya menggagalkan kedaulatan Indonesia dengan merebut Yogyakarta. Agar upaya Belanda tersebut gagal akhirnya persetujuan dari Sri Sultan Hamengkubuwono IX, Letnan Kolonel Soeharto memimpin penyerangan terhadap Belanda. Pada penyerangan tersebut tentara Indonesia berhasil merebut serta menduduki Yogyakarta selama 6 Jam dan memaksa Belanda mengakui Negara Indonesia.<br>Beberapa tahun setelah peristiwa tersebut tepatnya pada tahun 1983 muncul gagasan yang diajukan oleh Kolonel Soegiarto untuk membuat sebuah monumen. Akhirnya pada tanggal 29 Juni 1985 dimulailah pembangunan Monumen Yogya Kembali sebagai tanda dan penghormatan bagi para pejuang saat itu.Tidak hanya menjadi bangunan monumental, di dalam monumen ini terdapat banyak sekali hal menarik yang bisa Anda temukan. Berikut ini beberapa kegiatan dan daya tarik yang ditawarkan Monjali untuk para pengunjung yang datang.<br>Di Monjali Anda dapat Melihat Berbagai Koleksi Museum. Jika Anda masuk melalui pintu barat atau timur, Anda akan langsung masuk ke lantai satu yang merupakan sebuah museum. Dalam museum ini terdapat berbagai macam koleksi bersejarah pada selang waktu sekitar 1945 hingga 1949 setelah kemerdekaan Indonesia. Beberapa diantaranya seperti seragam, repliko, foto, dan heraldika yang menggambarkan berbagai kejadian pada masa peperangan. Salah satu koleksi paling menarik adalah dokar atau tandu yang digunakan Jenderal Soedirman saat melakukan perang gerilya melawan penjajah.Selain museum, di lantai satu ini juga terdapat auditorium serta perpustakaan yang bisa Anda kunjungi. Ada juga kafetaria yang menjual berbagai makanan khas Jogja yang enak seperti jajanan pasar atau camilan di tempat ini.<br>Belajar dari Berbagai Diorama<br>Naik ke lantai dua, Anda bisa melihat sekitar 10 macam diorama yang menggambarkan peristiwa penting selain Serangan Umum 1 Maret. Seperti misalnya diorama penyerangan Agresi Militer Belanda II yang berhasil menguasai Yogyakarta.<br>Diorama yang ada di tempat ini pun memiliki berbagai macam ukuran, ada yang berukuran asli hingga miniatur. Para prajurit atau patung yang ada di tempat ini pun mengenakan atribut lengkap persis seperti aslinya begitu juga dengan latarnya.<br>TIdak hanya diorama, pada dinding-dinding ruangan ini terdapat sekitar 40 relief yang juga ikut memberikan gambaran suasana pada masa tersebut. Dari relief dan diorama di sini, Anda bisa belajar dan membayangkan langsung bagaimana sulitnya perjuangan yang harus dilalui para pejuang.<br>Lalu untuk lantai tiga monjali ini lebih dikenal sebagai ruang keheningan yang hanya berisi tiang bendera dan sebuah relief sederhana. Relief ini berbentuk tangan yang memegang bambu runcing sebagai bentuk perlawanan tentara Indonesia pada masa itu.<br>Ruangan ini didedikasikan khusus untuk mengenang jasa para pahlawan karena itulah Garbha Graha ini disebut sebagai ruang keheningan. Pengunjung yang datang diharapkan bisa mengheningkan cipta sejenak untuk mendoakan para pahlawan yang telah gugur.<br>Setelah puas menjelajah monumen, Anda bisa langsung melanjutkan perjalanan berkeliling Taman Pelangi yang indah di malam hari. Berbagai macam bentuk lampion dan lampu tersusun indah di taman ini sehingga banyak juga yang menyebutnya sebagai taman lampion Jogja.</p>', '<ul><li>Tiket Umum: Rp15.000</li><li>Tiket Rombongan &gt; 30 orang: diskon 10%</li><li>Tiket Anak TK, yatim piatu, difabel: diskon 50%</li><li>tiket parkir motor : Rp.5000</li><li>tiket parkir mobil : Rp.10.000</li></ul>', '<p>Senin: TUTUP<br>Selasa-Minggu : 08.00-16.00 WIB</p>', '<ol><li>Memberi makan ikan</li><li>kantin</li><li>spot foto</li><li>permainan tradisional</li></ol>', 'https://www.google.com/maps/embed?pb=!1m14!1m8!1m3!1d15813.515026429155!2d110.3696068!3d-7.7495904!3m2!1i1024!2i768!4f13.1!3m3!1m2!1s0x2e7a58f99013c989%3A0x2a96db25b8ff4333!2sMonumen%20Yogya%20Kembali!5e0!3m2!1sen!2sid!4v1701247934266!5m2!1sen!2sid', 2, 'monjali.PNG', 'monjali.JPEG', 'mj1.JPEG,mj2.JPEG,mj3.JPG,mj4.JPEG,mj5.JPEG', 'accept');
INSERT INTO `wisata` (`id`, `nama`, `deskripsi`, `harga_tiket`, `jam_operasional`, `fasilitas`, `lokasi`, `id_kategori`, `foto1`, `foto2`, `foto3`, `status`) VALUES
(15, 'Kelenteng  Gondomaman', '<p>Klenteng Fuk Ling Miau atau yang juga sering disebut sebagai Klenteng Gondomanan, dimana Vihara Buddha tersebut bisa dijadikan sebagai destinasi pada saat berkunjung ke area Daerah Istimewa Yogyakarta.Pada awalnya Klenteng Fuk Ling Miau sendiri bernama Hok Ling Miau, dan konon katanya merupakan sebuah hadiah khusus dari Sultan Hamengku Buwono II yang diberikan kepada salah satu permaisuri yang asalnya dari Tiongkok. Kata Fuk sendiri memiliki arti berkah, sementara Ling berarti tidak terhingga atau tiada tara.<br>Kemudian Miau artinya klenteng atau kuil, sehingga jika ketika kata tersebut digabungkan maka akan berarti klenteng berkah tiada tara, daya tarik utama yang dimiliki terletak pada bagian bangunannya yang unik, sebagai berikut.<br>1.Gaya Arsitektur yang Khas<br>Fisik dari bangunan Klenteng Fuk Ling Miau sendiri memang sudah kuno, dan merupakan kombinasi arsitektur antara China dan Jawa. Gaya bangunan China memang lebih mendominasi, seperti adanya patung dewa, tulisan, serta gambaran alam khas negeri Tiongkok. Sementara untuk arsitektur Jawanya, ada di bagian atap ruang sumur.<br>Ciri khas lain yang juga menjadi simbol dari klenteng unik ini yaitu keberadaan dari sepasang naga langit yang ditata menghadap mutiara api, serta mempunyai pavilion atau altar untuk dewa dewi. Tentu saja warna merah dan kuning mendominasi bangunan karena kedua warna tersebut mengandung simbol keharmonisan.<br>2. Patung dan Lukisan yang Lengkap<br>Masih berkaitan dengan arsitektur Klenteng Gondomanan, di sini bisa ditemukan banyak sekali patung dan juga lukisan khas budaya China. Mulai dari sepasang tiang yang dibentuk menyerupai naga muda bersama dengan 8 dewa. Kemudian ada singa berbulu emas dan sepasang anak dewa yang sedang menaiki burung merak.<br>Bahkan di dalam bangunan klenteng, Terdapat lebih dari 100 patung dewa dewi menurut kepercayaan orang Tionghoa. Lalu pada bagian dinding, terdapat lukisan bergambar dewa-dewi yang sedang berperang melawan siluman. Selain itu, ada juga lukisan yang menceritakan peperangan antara kerajaan di masa kuno.<br>3.Bagian Sumur Langit<br>Bagian sumur langit atau yang sering disebut kolam teratai juga menjadi ciri khas dari Klenteng Fuk Ling Miau. Sumur dengan bentuk segi empat ini menjadi tempat untuk para dewa dan dewi hadir dan juga berangkat. Sumur langit juga dipercaya menjadi pintu utama bagi dewa kemakmuran dan sumber rezeki.<br>Sebagai tempat ibadah sekaligus objek wisata, tentu saja ada banyak kegiatan menarik yang dapat dilakukan di Klenteng Gondomanan. Ketahui dulu beberapa aktivitas menarik yang ada di bawah ini, agar nantinya tidak kebingungan tentang apa yang akan dilakukan setelah sampai di klenteng.<br>1. Beribadah dengan Khusyuk<br>Fungsi utama dari klenteng sendiri adalah untuk beribadah, baik itu bagi umat dari dalam maupun luar daerah. Nah, tentu sudah paham setiap klenteng mampu menghadirkan suasana dan nuansa masing-masing. Jika ingin beribadah dengan lebih khusyuk dan hidmat, bisa mendatangi Klenteng Fuk Ling Miau.<br>2. Berkeliling Lingkungan Klenteng<br>Bagi yang datang hanya untuk berwisata, tentu saja bisa berjalan-jalan mengelilingi lingkungan klenteng. Ya, arsitektur yang digunakan pada bangunan Klenteng Gondomanan memang sangat mengagumkan. Jadi bagi para pengunjung terutama yang suka dengan dunia arsitek, tentu saja melihat-lihat bagian-bagian bangunan klenteng sangatlah mengasyikkan.<br>3. Hunting Foto dan Video<br>Karena memiliki arsitektur yang unik, sudah pasti Klenteng Fuk Ling Miau ini sangat cocok bagi yang suka berburu foto maupun video. Bentuk desain bangunan yang berbeda dari kebanyakan klenteng, akan sangat cocok dijadikan sebagai latar belakang atau background pada sebuah foto maupun video.<br>4. Belajar Mengenai Kebudayaan Tionghoa<br>Nah, hal penting yang tidak boleh dilewatkan pada saat berkunjung ke Klenteng Fuk Ling Miau adalah belajar secara lebih dalam tentang kebudayaan Tionghoa. Bukan tanpa alasan, hal ini baik dilakukan karena bisa membantu untuk menumbuhkan rasa toleransi antara umat beragama di Indonesia.</p>', '<ul><li>Tiket Masuk: Gratis</li><li>Parkir Motor: Rp2000</li><li>Parkir Mobil: Rp5000</li><li>Paket Ibadah: Rp25.000</li></ul>', '<p>Senin-Minggu: 07.00-20.30 WIB</p>', '<ol><li>Toilet</li><li>Tempat duduk yang nyaman</li><li>Ruangan yang telah dilengkapi dengan AC</li><li>Tempat parkir yang cukup luas,</li><li>keberadaan shelter bus transjogja di bagian depan klenteng</li></ol>', 'https://www.google.com/maps/embed?pb=!1m18!1m12!1m3!1d3952.8861665107256!2d110.3694664!3d-7.8018746000000005!2m3!1f0!2f0!3f0!3m2!1i1024!2i768!4f13.1!3m3!1m2!1s0x2e7a57f6dbf3ee73%3A0xce29b0d08a7d1bbe!2sKelenteng%20Gondomanan!5e0!3m2!1sen!2sid!4v1701254581620!5m2!1sen!2sid', 3, 'gdomanan.JPEG', 'klenteng.JPEG', 'kg1.JPEG,kg2.JPEG,kg3.JPEG,kg4.JPEG,kg5.JPEG', 'accept'),
(16, 'Pura Segara Wukir', '<p>Nama Segara Wukir memiliki arti dalam bahasa Sansekerta yakni segara berarti laut sedangkan wukir berarti gunung yang secara filosofi berarti pertemuan antara laut dan gunung. Pura Segara Wukir memiliki keterkaitan dengan sejarah Kerajaan Majapahit dan Kerajaan Demak karena konon tempat ini dijadikan Raja Prabu Brawijaya V sebagai tempat pelarian untuk menghindari konflik dengan putra kandungnya yakni Raden Patah, serta dipercaya sebagai tempat Raja Brawijaya V melakukan upacara moksa (pembakaran diri) untuk mengelabui putranya yang hendak mengajaknya mengikuti ajaran Islam.<br>Adanya keterkaitan dengan sejarah tersebut menjadikan pura sering digunakan umat Hindu untuk menyelenggarakan upacara melasti (upacara ritual yang dilakukan sebelum Hari Raya Nyepi dengan melakukan pembersihan alat-alat persembahyangan dan juga diri manusia di perairan). Oleh karena itu, dibangunlah Pura Segara Wukir oleh PHDI (Parisada Hindu Dharma Indonesia) pada tahun 2005 atas persetujuan Keraton Ngayogyakarta Hadiningrat. Semakin berkembangnya waktu, karena keunikan arsitektur pura dan sejarah yang dapat menjadi daya tarik, Pura Segara Wukir dikembangkan menjadi destinasi wisata religi.<br>Kini, Pura Segara Wukir telah berkembang dengan dibarengi tumbuhnya industri pariwisata di sekitarnya seperti toko perlengkapan sembahyang, suvenir, hingga makanan yang berbau seafood. Sementara itu, pengempon pura dan Kelompok Sadar Wisata Sido Rukun juga bergotong royong membangun citra wisata religi yang makin baik.<br>Pura Segara Wukir tidak hanya diperuntukan oleh umat Hindu dan penganut Kejawen yang ingin melakukan sembahyang dan melakukan upacara keagamaan tetapi Pura Segara Wukir dibuka untuk umum. Menurut pengalaman pribadi saat mengunjungi Pura Segara Wukir, terdapat banyak wisatawan dari berbagai latar belakang bahkan tidak jarang ditemui wisatawan muslim yang datang.<br>Kalian para travelers dapat mengunjungi Pura Segara Wukir tetapi terdapat batas zonasi untuk wisatawan umum yang hanya diperbolehkan memasuki wilayah Nista Mandala dan Madya Mandala karena bagian Utama Mandala hanya diperuntukan sebagai tempat sembahyang umat Hindu dan penganut Kejawen. Terdapat pantangan bagi wisatawan wanita yang sedang datang bulan sehingga tidak diperbolehkan memasuki kawasan pura, hal ini diberlakukan untuk menjaga kesucian pura. Di beberapa waktu tertentu apabila sedang diadakan upacara keagamaan, pihak pengelola melakukan sterilisasi sehingga wisatawan tidak dapat memasuki kawasan Pura Segara Wukir supaya tidak mengganggu proses upacara.<br>ADVERTISEMENT<br>Namun kalian tidak perlu khawatir sobat travelers, karena masih ada berbagai aktivitas yang dapat kalian lakukan seperti berfoto karena Pura Segara Wukir memiliki pesona tersendiri selain terletak di pinggir Pantai Ngobaran, Pura Segara Wukir juga memiliki keunikan bangunan pura karena terdapat perpaduan antara gaya arsitektur khas Jawa dan Bali sehingga kalian dapat merasakan vibes seperti sedang berlibur di Pulau Dewata.<br>Kalian dapat menyewa jasa fotografer yang hanya dikenakan biaya Rp10.000,00 per tiga foto. Supaya hasil foto kalian lebih bagus, sobat travelers bisa menyewa kain Bali yang hanya dikenakan biaya Rp5.000,00 di pengempon (sekelompok pengusung) pura. Namun, bagi kalian yang ingin melakukan sembahyang dapat menghubungi pengempon pura supaya disiapkan perlengkapan sembahyang. Selain itu, kalian juga dapat mencicipi kuliner yang didominasi olahan seafood dan tersedia toko yang menjual cindera mata dan perlengkapan sembahyang di sekitar Pura Segara Wukir.</p>', '<ul><li>Tur Adiluhung Mataram : Rp 50.000</li><li>Tur Skriptorium : Rp 60.000</li><li>Tur Vorstenlanden : Rp 100.000</li><li>English Guided Tour : Rp 100.000</li></ul>', '<ul><li>Senin : TUTUP</li><li>Selasa-Minggu: 08.30 - 16.00 WIB</li><li>Tur terakhir : 15.15 WIB</li></ul>', '<ol><li>Area parkir kendaraan</li><li>Warung-warung makanan dan minuman</li><li>Toilet umum</li><li>Spot Foto</li></ol>', 'https://www.google.com/maps/embed?pb=!1m14!1m8!1m3!1d15799.299271119016!2d110.5053246!3d-8.1193121!3m2!1i1024!2i768!4f13.1!3m3!1m2!1s0x2e7ba5a31ce8cc29%3A0x5d57b0075f8a8b7e!2sPura%20Segara%20Wukir!5e0!3m2!1sen!2sid!4v1701269064251!5m2!1sen!2sid', 3, 'purasegara.JPEG', 'pura.JPG', 'pr1.JPEG,pr2.JPEG,pr3.JPEG,pr4.JPEG,pr5.JPEG', 'accept'),
(17, 'Cepuri Parangkusumo', '<p>Cepuri Parangkusumo, terletak di daerah pesisir Yogyakarta, Indonesia, adalah sebuah lokasi yang kaya akan nilai historis dan spiritual. Daerah ini menjadi bagian penting dari warisan budaya dan spiritual Jawa, terutama bagi masyarakat setempat dan peziarah yang berkunjung.<br>Sejarah Cepuri Parangkusumo<br>Latar Belakang Historis: Cepuri Parangkusumo berkaitan erat dengan tradisi dan legenda Keraton Yogyakarta. Menurut cerita rakyat, tempat ini berhubungan dengan kisah spiritual Sultan Yogyakarta. Diceritakan bahwa di lokasi ini, Sultan melakukan meditasi dan bertemu dengan Ratu Laut Selatan, yang dikenal sebagai Nyi Roro Kidul, dalam sebuah peristiwa mistis yang menyimbolkan ikatan antara dunia gaib dan Kesultanan Yogyakarta.<br>Makna Spiritual: Cerita tentang Sultan dan Nyi Roro Kidul telah mengakar kuat dalam masyarakat Jawa, menjadikan Cepuri Parangkusumo tempat yang dihormati dan dikunjungi untuk tujuan spiritual dan ritual.<br>Daya Tarik Cepuri Parangkusumo<br>Spiritualitas dan Mistisisme: Daya tarik utama dari Cepuri Parangkusumo adalah nuansa spiritual dan mistis yang kuat. Ini merupakan tempat yang dianggap sakral, di mana dunia nyata dan gaib dipercaya bertemu.<br>Pemandangan Alam yang Indah: Terletak di dekat pantai, Cepuri Parangkusumo menawarkan pemandangan laut yang indah, dengan pasir putih dan angin laut yang sejuk, menjadikannya tempat yang sempurna untuk merenung atau sekedar menikmati keindahan alam.<br>Arsitektur dan Desain Tradisional: Area Cepuri menampilkan arsitektur Jawa yang unik, termasuk bangunan dan struktur tradisional, yang menyatu dengan lingkungan alami sekitarnya.<br>Aktivitas di Cepuri Parangkusumo<br>Ziarah Spiritual: Bagi banyak orang Jawa dan peziarah dari berbagai daerah, mengunjungi Cepuri Parangkusumo adalah bagian dari perjalanan spiritual. Mereka datang untuk berdoa, meditasi, atau melakukan ritual tradisional.<br>Eksplorasi Budaya: Pengunjung dapat belajar tentang tradisi dan legenda lokal, termasuk cerita tentang Nyi Roro Kidul dan hubungannya dengan Kesultanan Yogyakarta.<br>Fotografi: Dengan latar belakang alam dan struktur tradisional, Cepuri Parangkusumo menyediakan banyak peluang untuk fotografi.<br>Relaksasi dan Pengamatan Alam: Pengunjung juga dapat menikmati waktu santai di pantai, menikmati pemandangan laut, dan mengamati keindahan alam.<br>Interaksi dengan Masyarakat Lokal: Kunjungan ke Cepuri Parangkusumo juga memberi kesempatan untuk berinteraksi dengan masyarakat lokal dan memahami lebih dalam tentang gaya hidup serta kepercayaan mereka.<br>Cepuri Parangkusumo, dengan keunikan sejarah dan spiritualitasnya, menyediakan pengalaman yang berbeda dari tempat wisata biasa. Tempat ini menawarkan perpaduan antara keindahan alam, kekayaan budaya, dan kedalaman spiritual, menjadikannya destinasi yang memikat bagi para pencari pengalaman budaya yang autentik dan peminat sejarah.<br>&nbsp;</p>', '<ul><li>Tiket Masuk: Rp5.000</li></ul>', '<ul><li>Senin-Minggu; 24jam</li></ul>', '<ul><li>toilet</li><li>tempat parkir</li></ul>', 'https://www.google.com/maps/embed?pb=!1m18!1m12!1m3!1d3950.7947205874684!2d110.32193101111696!3d-8.020091991973008!2m3!1f0!2f0!3f0!3m2!1i1024!2i768!4f13.1!3m3!1m2!1s0x2e7b009eacde7df3%3A0xf4f0938dacf6b840!2sCepuri%20Parangkusumo!5e0!3m2!1sen!2sid!4v1701271508149!5m2!1sen!2sid', 3, 'cepuri.JPEG', 'cepuri.JPEG', 'cp1.JPEG,cp2.JPEG,cp3.JPEG,cp4.JPEG,cp5.JPEG', 'accept'),
(18, 'Gereja Ganjuran', '<p>Gereja Hati Kudus Yesus Ganjuran bukan hanya sebuah tempat ibadah, tetapi juga merupakan salah satu ikon budaya dan sejarah di Jogja yang menarik perhatian wisatawan lokal maupun mancanegara.<br>Dalam perjalanan spiritualnya, Gereja Hati Kudus Yesus Ganjuran Jogja telah menjadi tujuan para peziarah, wisatawan, dan umat Kristen yang mencari pengalaman spiritual yang mendalam. Tempat ini bukan hanya sekadar bangunan fisik, tetapi juga memiliki makna yang mendalam bagi mereka yang mengunjunginya. Pengunjung dapat merasakan ketenangan dan kedamaian saat memasuki gereja, memanjakan mata dengan keindahan arsitektur yang unik, serta merenung dan berdoa di dalam suasana yang penuh keagungan.<br><br>Gereja Hati Kudus Yesus Ganjuran dibangun pada tahun 1924 dan menjadi salah satu ikon budaya dan sejarah di Jogja. Arsitektur gereja ini menggabungkan gaya Jawa dan gaya Eropa, menciptakan suasana yang unik dan memikat. Pendeta F.D.J. Dunselman, seorang arsitek Belanda, berperan penting dalam perancangan arsitektur gereja ini. Makam Pendeta Dunselman yang terletak di belakang gereja menjadi bukti penghormatan atas jasanya.<br>Selama masa penjajahan Belanda, gereja ini menjadi tempat beribadah bagi umat Katolik yang berada di sekitar daerah Bantul dan sekitarnya. Gereja ini menjadi pusat kehidupan rohani dan menjadi tempat di mana umat berkumpul untuk memperkuat iman mereka. Bahkan saat ini, gereja ini masih aktif sebagai tempat ibadah yang penting bagi komunitas Katolik di wilayah Jogja.<br><br>1. Arsitektur Unik<br>Gereja Hati Kudus Yesus Ganjuran Jogja menarik perhatian dengan arsitektur yang unik dan memukau. Perpaduan antara gaya arsitektur Jawa dan Eropa menciptakan sebuah bangunan yang menakjubkan dan memesona. Atap limasan, ornamen tradisional, dan ukiran kayu yang rumit memberikan sentuhan estetika yang luar biasa.<br>2. Keindahan Interior<br>Selain keindahan eksteriornya, Gereja Ganjuran juga memiliki interior yang menawan. Dinding-dindingnya yang dihiasi dengan lukisan-lukisan religius, patung-patung, dan ornamen-ornamen keagamaan menciptakan suasana yang khusyuk dan memikat. Pengunjung dapat merasakan kehadiran spiritual yang kuat ketika berada di dalam gereja ini.<br>3. Keberagaman Budaya<br>Gereja Hati Kudus Yesus Ganjuran Jogja juga mencerminkan keberagaman budaya di Indonesia. Melalui perpaduan antara budaya Jawa dan Eropa, gereja ini menjadi tempat yang melampaui batas-batas agama dan etnis. Hal ini menciptakan suasana yang harmonis dan mempersatukan masyarakat dalam keberagaman mereka<br><br>Ragam Aktivitas yang Menarik Dilakukan<br>1. Eksplorasi Arsitektur<br>Gereja Hati Kudus Yesus Ganjuran Jogja memiliki arsitektur yang unik dan khas. Pengunjung dapat menghabiskan waktu untuk menjelajahi bangunan gereja ini dan mengagumi keindahan detail-detail arsitekturalnya. Dari ornamen-ornamen klasik hingga atap bergaya Jawa, setiap sudut gereja ini memancarkan pesona yang menarik bagi pecinta seni dan arsitektur.<br>2. Mengikuti Misa atau Ibadah<br>Gereja ini masih aktif sebagai tempat ibadah bagi umat Katolik. Pengunjung yang tertarik dapat menghadiri misa atau ibadah yang diadakan di gereja ini. Selain dapat merasakan suasana keagamaan yang khusyuk, mengikuti misa atau ibadah juga memberikan kesempatan untuk mengalami kehidupan rohani dan spiritual di Gereja Ganjuran Jogja.<br>3. Menikmati Keindahan Alam Sekitarnya<br>Gereja ini terletak di dataran tinggi yang indah, dikelilingi oleh pemandangan alam yang menakjubkan. Pengunjung dapat menikmati keindahan pemandangan alam sekitar gereja, seperti hamparan sawah hijau, perbukitan, dan kebun-kebun sayuran. Aktivitas ini dapat dilakukan dengan berjalan-jalan di sekitar kompleks gereja atau hanya duduk santai menikmati pemandangan yang menenangkan.</p>', '<ul><li>Tiket Masuk: Gratis</li></ul>', '<ul><li>Senin-Minggu: 06.00 - 24.00 WIB</li></ul>', '<ol><li>tempat ibadah</li></ol>', 'https://www.google.com/maps/embed?pb=!1m14!1m8!1m3!1d15806.796598866045!2d110.319129!3d-7.9264582!3m2!1i1024!2i768!4f13.1!3m3!1m2!1s0x2e7aff9cb334c87f%3A0xd0c9cb40ca1f9ff6!2sSacred%20Heart%20of%20Jesus%20Catholic%20Church%2C%20Ganjuran!5e0!3m2!1sen!2sid!4v1701269639158!5m2!1sen!2sid', 3, 'ganjuran.JPEG', 'ganjuran.JPEG', 'gj1.JPEG,gj2.JPEG,gj3.JPEG,gj4.JPEG,gj5.JPEG', 'accept'),
(19, 'Gua Maria Jatiningsih', '<p>Gua Maria Jatiningsih adalah salah satu tempat ziarah keagamaan Katolik yang terletak di Indonesia. Gua ini memiliki keunikan dan daya tarik tersendiri, baik dari segi spiritual maupun keindahan alamnya. Gua Maria Jatiningsih secara historis terkait dengan praktik keagamaan Katolik di Indonesia. Gua ini didirikan sebagai tempat ziarah dan refleksi rohani bagi umat Katolik. Pembangunan Gua Maria seringkali diinspirasi oleh Gua Lourdes di Prancis, tempat Bunda Maria dikatakan menampakkan diri kepada Bernadette Soubirous pada tahun 1858. Meski detail historis spesifik dari Gua Maria Jatiningsih mungkin tidak seluas Gua Lourdes, pentingnya tempat ini dalam praktik keagamaan lokal tetap signifikan.<br>Daya Tarik Gua Maria Jatiningsih<br>Keindahan Alam: Gua ini biasanya dikelilingi oleh pemandangan alam yang menenangkan, seperti taman-taman yang terawat, air terjun kecil, atau pemandangan pegunungan, yang memberikan suasana yang damai dan introspektif.<br>Arsitektur dan Patung: Gua seringkali dihiasi dengan patung Bunda Maria dan elemen-elemen arsitektur yang menarik, seperti altar dan stasi-stasi jalan salib, yang menambah nilai estetika dan spiritual.<br>Suasana Spiritual: Suasana di Gua Maria Jatiningsih biasanya sangat kondusif untuk refleksi dan doa, menarik peziarah dan pengunjung yang mencari kedamaian spiritual.<br>Aktivitas yang Bisa Dilakukan<br>1. Ziarah dan Doa: Ini adalah aktivitas utama di Gua Maria Jatiningsih. Peziarah dari berbagai daerah berkunjung untuk berdoa, merenung, dan mencari pencerahan spiritual.<br>2. Jalan Salib: Jalan salib adalah praktik umum di tempat-tempat ziarah Katolik, dimana pengunjung berjalan melewati serangkaian stasi yang menggambarkan peristiwa-peristiwa dalam Penderitaan Yesus Kristus.<br>3. Refleksi dan Meditasi: Suasana tenang dan damai di gua menawarkan kesempatan yang baik untuk meditasi dan refleksi pribadi.<br>4. Fotografi: Bagi mereka yang tertarik dengan fotografi, Gua Maria Jatiningsih bisa menjadi subjek yang menarik, baik dari segi arsitektur maupun keindahan alam sekitarnya.<br>Mengikuti Misa dan Kegiatan Keagamaan: Pada waktu-waktu tertentu, misa dan kegiatan keagamaan lainnya diadakan, memberikan pengalaman yang kaya bagi umat Katolik.<br>Berinteraksi dengan Komunitas Setempat: Kunjungan ke Gua Maria juga sering kali memberikan kesempatan untuk berinteraksi dengan komunitas lokal, memperdalam pemahaman tentang budaya dan praktik keagamaan di area tersebut.</p>', '<ul><li>Tiket Masuk: Gratis</li></ul>', '<ul><li>Senin-Minggu: 24jam</li></ul>', '<ol><li>Tempat Ibadah</li></ol>', 'https://www.google.com/maps/embed?pb=!1m18!1m12!1m3!1d3953.29168816675!2d110.21964681111446!3d-7.758857442227924!2m3!1f0!2f0!3f0!3m2!1i1024!2i768!4f13.1!3m3!1m2!1s0x2e7af1262f2ac301%3A0x4627fd6993c6ea74!2sGoa%20Maria%20Ratu%20Perdamaian%20Sendang%20Jatiningsih!5e0!3m2!1sen!2sid!4v1701270658207!5m2!1sen!2sid', 3, 'jatiningsih.JPG', 'guamaria.JPEG', 'gm1.JPEG,gm2.JPEG,gm3.JPEG,gm4.JPEG,gm5.JPEG', 'accept'),
(20, 'Masjid Pathok Negoro', '<p>Masjid Pathok Negoro, yang juga dikenal dengan sebutan \"Masjid Pangeran\", merupakan serangkaian masjid bersejarah di Yogyakarta, Indonesia. Masjid-masjid ini dibangun selama periode Kesultanan Yogyakarta dan berperan penting dalam sejarah serta kehidupan spiritual masyarakat setempat. “Pathok Negoro\" dalam konteks ini merujuk kepada masjid-masjid yang dibangun oleh Sultan Hamengkubuwono I, pendiri Kesultanan Yogyakarta, pada akhir abad ke-18 dan awal abad ke-19. Tujuan pembangunan masjid-masjid ini adalah untuk menyebarkan ajaran Islam di wilayah Yogyakarta dan sekitarnya. Masjid-masjid ini juga berfungsi sebagai pusat pendidikan dan penyebaran ajaran Islam.<br>Ada empat masjid Pathok Negoro utama, yaitu:<br>Masjid Gedhe Kauman, yang terletak di dekat Keraton Yogyakarta.<br>Masjid Pangeran Pakualaman, dekat alun-alun utara.<br>Masjid Pangeran Mangkubumi, terletak di Kotagede.<br>Masjid Pangeran Diponegoro, yang ada di Ngampilan.<br>Daya Tarik Masjid Pathok Negoro<br>Arsitektur Tradisional Jawa: Masjid-masjid ini menonjol dengan arsitektur Jawa yang unik, menggabungkan elemen Islam dengan gaya lokal, menciptakan bentuk yang harmonis dan estetis.<br>Sejarah dan Budaya: Tempat-tempat ini adalah saksi bisu sejarah panjang Yogyakarta dan perannya dalam penyebaran Islam di Jawa.<br>Kegiatan Keagamaan dan Pendidikan: Masjid-masjid ini masih aktif digunakan untuk shalat lima waktu, pengajian, dan aktivitas keagamaan lainnya, menjadikannya pusat kegiatan masyarakat.<br>Aktivitas yang Bisa Dilakukan<br>Kunjungan Budaya dan Spiritual: Pengunjung dapat merasakan kedamaian spiritual serta mempelajari lebih lanjut tentang Islam dan tradisi Jawa.<br>Fotografi: Bagi peminat fotografi, masjid-masjid ini menawarkan perspektif arsitektur yang menarik.<br>Belajar Sejarah Lokal: Tempat-tempat ini kaya akan cerita dan sejarah, yang dapat menambah pengetahuan tentang latar belakang budaya Yogyakarta.<br>Mengikuti Kegiatan Keagamaan: Bagi umat Muslim, mengikuti shalat berjamaah atau pengajian di masjid ini bisa menjadi pengalaman yang berharga.</p>', '<ul><li>Tiket Masuk: Gratis</li></ul>', '<ul><li>Senin-Minggu: 24jam</li></ul>', '<ol><li>Tempat Ibadah</li></ol>', 'https://www.google.com/maps/embed?pb=!1m18!1m12!1m3!1d63249.51325979787!2d110.32785890952718!3d-7.779796055023706!2m3!1f0!2f0!3f0!3m2!1i1024!2i768!4f13.1!3m3!1m2!1s0x2e7a596bc479e0d5%3A0xbb01c64055a9d390!2sJami&#39;%20Mosque%20Pathok%20Negoro%20Ploso%20Kuning!5e0!3m2!1sen!2sid!4v1701273185029!5m2!1sen!2sid', 3, 'pathoknegoro.JPEG', 'pathok.JPG', 'pt1.JPG,pt2.JPEG,pt3.JPEG,pt4.JPEG,pt5.JPEG', 'accept'),
(21, 'Makam Raja Imogiri', '<p>Makam Imogiri, yang terletan di Yogyakarta, Indonesia, adalah salah satu situs bersejarah dan spiritual yang penting. Ini merupakan makam kerajaan bagi para Sultan Mataram dan keturunannya, termasuk keluarga kerajaan Yogyakarta dan Surakarta. Makam Imogiri dibangun pada tahun 1632 oleh Sultan Agung dari Mataram, salah satu raja paling berpengaruh dalam sejarah Jawa. Sultan Agung sendiri memilih lokasi makam ini, yang berada di bukit, dengan pemandangan yang menghadap ke laut dan Gunung Merapi. Pembangunan makam ini dimaksudkan untuk menghormati dan memelihara tradisi leluhur dan keluarga kerajaan Jawa.<br>Daya Tarik Makam Imogiri<br>Arsitektur Jawa Klasik: Makam ini menampilkan arsitektur Jawa klasik dengan gapura, bangunan, dan tata letak yang khas, yang menarik bagi mereka yang tertarik dengan arsitektur tradisional dan sejarah.<br>Nilai Historis dan Budaya: Sebagai tempat peristirahatan terakhir bagi banyak tokoh penting dalam sejarah Jawa, makam ini adalah saksi bisu sejarah panjang dan kompleksitas politik, sosial, dan budaya Jawa.<br>Praktik dan Tradisi Budaya: Pengunjung dapat menyaksikan praktik-praktik dan upacara tradisional yang terkait dengan perawatan makam, yang mencerminkan kepercayaan dan adat istiadat setempat.<br>Lokasi yang Damai dan Indah: Terletak di bukit, makam ini menawarkan suasana yang tenang dan damai, serta pemandangan alam yang indah.<br>Aktivitas yang Bisa Dilakukan<br>Kunjungan Budaya: Pengunjung dapat belajar banyak tentang sejarah, arsitektur, dan tradisi Jawa melalui kunjungan ke makam ini.<br>Fotografi: Bagi mereka yang tertarik dengan fotografi, makam ini menawarkan banyak objek menarik, mulai dari arsitektur hingga pemandangan alam.<br>Menghormati Leluhur: Bagi masyarakat Jawa, dan terutama bagi mereka yang memiliki keturunan kerajaan, kunjungan ke makam ini adalah bagian dari penghormatan kepada leluhur.<br>Pengamatan Ritual Tradisional: Tergantung pada waktu kunjungan, pengunjung mungkin dapat menyaksikan berbagai ritual dan upacara tradisional.<br>Pengalaman Spiritual: Bagi banyak orang, kunjungan ke Makam Imogiri adalah pengalaman spiritual, memberikan kesempatan untuk refleksi dan introspeksi.</p>', '<ul><li>Tiket Masuk: Gratis</li></ul>', '<ul><li>Senin-Minggu: 10.00 WIB - 13.00 WIB</li></ul>', '<ul><li>Mulai dari area parkir yang luas</li><li>Toilet</li><li>Pemandu yang bisa menjelaskan mengenai sejarah dan siapa-siapa saja yang dimakamkan di makam tersebut pun tersedia.</li><li>Ingin menyewa pakaian adat Jawa tradisional saat akan ziarah pun bisa ditemukan di sini dengan harga yang lebih terjangkau</li><li>Banyak warung makan&nbsp;</li><li>Toko oleh-oleh&nbsp;</li></ul>', 'https://www.google.com/maps/embed?pb=!1m18!1m12!1m3!1d3951.7563691665446!2d110.39321961111592!3d-7.920497392070051!2m3!1f0!2f0!3f0!3m2!1i1024!2i768!4f13.1!3m3!1m2!1s0x2e7a54f951ef760f%3A0x99cd48194e507430!2sMakam%20Raja-Raja%20Imogiri!5e0!3m2!1sen!2sid!4v1701274656776!5m2!1sen!2sid', 3, 'makamraja.JPEG', 'makamraja.JPG', 'im1.JPEG,im2.JPEG,im3.JPEG,im4.JPEG,im5.JPG', 'accept'),
(22, 'Bukit Klangon', '<p>Bukit Klangon berada di ketinggian kurang lebih 1.100 meter di atas permukaan laut. Kondisi ini menyebabkan daerah bukit ini memiliki udara dingin. Pengunjung harus mengenakan pakaian tebal jika tidak ingin kedinginan.Tidak hanya sejuk, namun di sini juga pengunjung dapat menikmati keindahan pemandangan. Hamparan perkebunan milik warga dengan tanaman yang subur. Dan pepohonan yang tumbuh tanpa ampun, seolah menjadi pagar alam di wilayahnya.<br>Selain itu, dari sini pengunjung dapat melihat puncak Gunung Merapi yang begitu tinggi. Berdiri kokoh dengan hebatnya. Seolah menjadi penguasa alam paling indah dari objek alam lainnya.<br><br>Objek wisata yang buka pada tahun 2011 ini, menawarkan berbagai spot foto indah. Ada gardu pandang setinggi kurang lebih 5 meter. Di sini, pengunjung dapat melihat pemandangan Gunung Merapi dengan jelas.Sayangnya, pemandangan akan terhalang kabut ketika waktu sudah menunjukkan siang hari. Padahal, ketika cuaca cerah pengunjung dapat menikmati panorama keindahan Gunung Merapi yang menakjubkan. Selain itu, ada juga panggung bambu sebagai spot foto. Di sini, bukan panggung bambu yang menjadi spot foto. Melainkan lembah yang ada di belakang, sehingga menciptakan latar belakang yang memukau.ASemuanya bisa dilakukan bersama dengan keluarga dan teman-teman. Berikut sejumlah aktivitas yang bisa Anda lakukan di kawasan objek wisata tersebut.<br>1. Bersepeda downhill<br>Kawasan wisata ini dulunya memang dikenal sebagai tempat downhill yang kemudian dikembangkan sehingga kerap digunakan sebagai tempat acara balapan tingkat regional hingga nasional. Jika suka menguji adrenalin, Anda dapat mencoba bersepeda pada lintasan yang tersedia.<br>Track yang disediakan berjarak sekitar 20 km dengan jarak tempuh kurang lebih 1 jam. Kalau Anda ingin mencoba track ini, pastikan kembali properti keamanan sudah terpasang dengan benar karena di beberapa tempat, lintasan lebih menukik dan tajam.<br>2. Swafoto di gardu pandang<br>Hunting foto menjadi salah satu kegiatan yang juga banyak dilakukan oleh para pengunjung. Jika hari sedang cerah, Anda akan dapat melihat kegagahan Gunung Merapi dari jarak dekat. Tidak hanya berfoto di sekitar tempat camping atau di bagian tulisan “Klangon”, Anda juga dapat naik ke bagian gardu pandang untuk melihat Gunung Merapi dengan lebih jelas dan mendapatkan hasil foto yang bagus.<br>3. Trekking<br>Anda juga bisa menikmati keindahan Gunung Merapi dari dekat dengan mendaki ke puncak Bukit Klangon. Jarak tempuhnya cukup singkat, bahkan anak-anak pun bisa mencoba mendaki bukit tersebut. Di sepanjang perjalanan, Anda berkesempatan melihat satwa seperti burung kepodang, alap-alap Jawa, burung madu gunung, musang, hingga monyet.<br>4. Camping<br>Buat Anda yang senang berpetualang di alam, tidak ada salahnya untuk mendirikan tenda di kawasan bukit yang berlatar belakang gagahnya Gunung Merapi. Di sini, terdapat area yang landai dan biasa dipakai sebagai lokasi perkemahan.<br>Fasilitas pendukung seperti toilet dan kakus juga tersedia lengkap. Meski begitu, pastikan Anda sudah melakukan reservasi sebelum melakukan aktivitas camping di sini.</p>', '<ul><li>Tiket Masuk Domestik Rp. 5000</li><li>Tiket Masuk Mancanegara Rp. 15.000</li><li>Tiket Camping Rp. 15.000</li><li>Parkir Motor Rp. 2000</li><li>Parkir Mobil Rp.5000</li></ul>', '<ul><li>Senin-Minggu 06.00-17.00 WIB</li><li>Bagi yang camping 24jam</li></ul>', '<ol><li>Toilet yang bersih</li><li>Tempat parkir</li><li>Mushola</li><li>Gazebo</li><li>Spot foto</li><li>Porter sepeda</li></ol>', 'https://www.google.com/maps/embed?pb=!1m18!1m12!1m3!1d3954.9823766568097!2d110.45224631111297!3d-7.576896592405893!2m3!1f0!2f0!3f0!3m2!1i1024!2i768!4f13.1!3m3!1m2!1s0x2e7a66e66aba0c5f%3A0x3e322915d949a25!2sBukit%20Klangon!5e0!3m2!1sen!2sid!4v1701278838705!5m2!1sen!2sid', 1, 'klangon.PNG', 'klangon.JPG', 'kl1.JPG,kl2.JPG,kl3.JPG,kl4.JPG,kl5.JPEG', 'accept'),
(23, 'Pantai Ngurumput', '<p>Pantai Ngrumput mulai dikenal belakangan ini karena keindahan pantainya. Area pantainya yang luas dan lebar membuat pantai ini sering digunakan untuk kegiatan camping. Pasirnya yang putih dan bersih menambah keindahan pantai yang berada di balik perbukitan dan persawahan. Ombak di pantai ini sama seperti ombak-ombak di pantai lainnya, cukup besar tapi masih bisa digunakan untuk bermain air. Di sisi sebelah timur terdapat sebuah bukit bernama Bukit Kosakora yang bisa digunakan untuk melihat pemandangan pantai dan laut selatan Gunungkidul. Dari puncak Bukit Kosakora ini juga bisa digunakan untuk melihat sunset dan sunrise. Pantai Ngrumput diapit oleh dua bukit di sisi sebelah kanan dan kirinya. Di area ini, biasanya pengunjung gunakan untuk bermain air di antara bebatuan yang ada di sana.<br>Pantai Ngrumput berada searah dengan Pantai Drini. Untuk sampai ke pantai ini aksesnya sudah mudah, tetapi kendaraan hanya bisa diparkir di area parkir dan selebihnya berjalan kaki kurang lebih 10-15 menit melewati persawahan dan perbukitan. Pantai Ngrumput seperti halnya ombak di sekitar Gunung Kidul, ombak di pantai ini cukup besar namun masih dapat digunakan untuk bermain air. Pantai Ngrumput memiliki bukit sebagai tempat yang cocok untuk melihat sunset dan sunrise, yang bernama Bukit Kosakora. Bukit Kosakora terletak di sebelah timur pantai, bukit ini juga dapat digunakan untuk melihat pemandangan laut dari ketinggian. Bukit Kosakora juga kerap digunakan sebagai area berkemah oleh para wisatawan yang ingin bermalam di tempat ini. Selain Bukit Kosakora, area pantai yang lapang menjadi tempat camping para pengunjung. Pengunjung dapat mengajak anak-anak untuk camping di tempat ini. Tenda warna-warni pengunjung akan menjadi bagian pemendangan Pantai Ngrumput</p>', '<ul><li>Tiket Masuk Kawasan Pantai Gunung Kidul Rp10.000&nbsp;</li><li>Parkir kendaraan motor Rp5.000</li><li>Parkir kendaraan mobil Rp10.000 Camping Rp15.000</li><li>Sewa Tenda Rp70.000 – Rp80.000</li><li>Kayu Bakar Rp10.000,00</li><li>Tiket masuk puncak kosakora Rp3.000</li></ul>', '<ul><li>Senin – Minggu: 24 jam</li></ul>', '<ol><li>toilet</li><li>tempat makan</li><li>musolla</li><li>camping ground</li></ol>', 'https://www.google.com/maps/embed?pb=!1m18!1m12!1m3!1d15798.469291951207!2d110.57280259871781!3d-8.140382619692351!2m3!1f0!2f0!3f0!3m2!1i1024!2i768!4f13.1!3m3!1m2!1s0x2e7bba436390823f%3A0x142d3b53f187012b!2sNgrumput%20Beach!5e0!3m2!1sen!2sid!4v1701279315628!5m2!1sen!2sid', 1, 'pngrumput.JPG', 'pantai.JPEG', 'ngr1.JPEG,ngr2.JPG,ngr3.JPEG,ngr4.JPEG,ngr5.JPEG', 'accept'),
(24, 'Seribu Batu Songgo Langit', '<p>Seribu Batu Songgo Langit merupakan salah satu destinasi wisata alam di Kabupaten Bantul. Seribu Batu Songgo Langit menyuguhkan pemandangan alam hutan pinus yang asri dan memanjakan mata.Sebelum dijadikan sebagai tempat wisata, di lokasi ini terdapat ribuan batu alam dan deretan hutan pinus. Songgo Langit merupakan bahasa Jawa yang berarti penyangga langit. Penamaan ini didasarkan pada keberadaan bukit tinggi yang menyerupai tiang penyangga langit. Nama tersebut disematkan karena lokasi wisata Seribu Batu Songgo Langit terdapat bukit yang seolah-olah merupakan tiang langit. Kawasan wisata Seribu Batu Songgo Langit memiliki banyak spot foto antimainstream. Spot foto yang tersedia, seperti rumah seribu kayu berupa gubuk kayu, jembatan jomblo yang berupa jembatan panjang dari kayu, rumah hobbit seperti film hobbit, taman tumpah, dan puncak songgo langit dengan keindahan berupa panorama alam.<br>Pengunjung juga dapat foto pada malam hari. Spot foto akan tambah menarik karena adanya lampu-lampu di sekitarnya. Seribu Batu Songgo Langit juga memiliki fasilitas wahana permainan alam, seperti flying fox dan climbing spot untuk pemanjat dinding profesional. Glamping Selain wahana bernuansa alam, pengunjung juga dapat malam di Seribu Batu Songgo Langit. Pengelola menyediakan area glamping (glamour camping) untuk bermalam di hutan dengan fasilitas hotel.</p>', '<ul><li>Tiket Masuk Kawasan Rp5.000</li></ul>', '<ul><li>Senin-Minggu: 06.00-21.00 WIB</li></ul>', '<ol><li>Area parkir: Seribu Batu Songgo Langit Mangunan menyediakan area parkir yang luas untuk kendaraan pengunjung</li><li>Toilet umum: Tempat wisata ini juga dilengkapi dengan toilet umum yang bersih dan terawat. Toilet umum ini tersebar di beberapa titik strategis di dalam area Seribu Batu Songgo Langit Mangunan.</li><li>Warung makan: Terdapat beberapa warung makan yang menyediakan berbagai jenis makanan dan minuman. Pengunjung dapat menikmati hidangan tradisional khas Yogyakarta atau makana', 'https://www.google.com/maps/embed?pb=!1m18!1m12!1m3!1d3951.65457761799!2d110.4283387111161!3d-7.931098392059754!2m3!1f0!2f0!3f0!3m2!1i1024!2i768!4f13.1!3m3!1m2!1s0x2e7a531be5da247f%3A0x51f131c4dc279d01!2sSeribu%20Batu%20Songgo%20Langit!5e0!3m2!1sen!2sid!4v1701279535095!5m2!1sen!2sid', 1, 'seribubatu.JPEG', 'seribuu.JPG', 'sb1.JPG,sb2.JPEG,sb3.PNG,sb4.JPEG,sb5.JPEG', 'accept'),
(28, 'Candi Kimpulan', '<p>Candi Kimpulan (juga dikenal sebagai candi Pustakasala) adalah sebuah peninggalan purbakala di lokasi kampus Universitas Islam Indonesia (UII) di Dusun Kimpulan, Desa Umbulmartani, Kecamatan Ngemplak, Sleman, Yogyakarta, Indonesia. Candi ini diberi nama Kimpulan berdasarkan letak temuannya yang ada di Dusun Kimpulan. Dari temuan arca dalam candi, candi ini memiliki ciri-ciri sebagai candi beragama Hindu. Angka tahun pendirian candi ini diperkirakan dari abad ke 9.<br><br>Candi ini ditemukan secara tidak sengaja pada 11 Desember 2009 ketika tengah diadakan penggalian untuk fondasi proyek pembangunan perpustakaan UII. Candi ini terkubur sekitar lima meter di bawah tanah. Seperti Candi Sambisari, Candi Morangan, dan Candi Kedulan, candi ini diperkirakan terkubur bersamaan akibat letusan Gunung Merapi di dekatnya yang meletus sekitar seribu tahun yang lalu. Penemuan candi ini merupakan penemuan arkeologi yang paling menarik di Yogyakarta tahun 2009, serta menimbulkan spekulasi mengenai kemungkinan adanya candi-candi lain yang masih terkubur oleh lahar dan debu vulkanik Gunung Merapi.<br><br>Candi ini pada saat pertama kali ditemukan dikenal oleh masyarakat luas sebagai Candi UII (Candi Universitas Islam Indonesia), karena ditemukan di lingkungan Kampus UII. BP3 menamai candi ini Candi Kimpulan berdasarkan nama desa setempat. Akan tetapi Yayasan Badan Wakaf UII mengusulkan nama lain, Pustakasala yang berarti “perpustakaan” dalam bahasa Sanskerta. Maksud penamaan ini untuk menekankan sejarah penemuan candi di tempat yang semula hendak dibangun perpustakaan. Nama ini juga untuk menggambarkan nuansa pendidikan universitas, ditambah lagi arca Ganesha yang ditemukan di situs dikenal sebagai dewa ilmu pengetahuan, intelektual, dan kebijaksanaan.<br><br>Penelitian lebih lanjut dan penggalian arkeologi dilakukan oleh Balai Pelestarian Peninggalan Purbakala (BP3) Yogyakarta. Candi ini jelas bersifat Hindu Siwaistik, dan berdasarkan gaya ukiran dan arca menunjukkan bahwa candi ini dibangun pada kurun waktu abad ke-9 sampai ke-10 pada masa Kerajaan Mataram Kuno. Berdasarkan buku ““Nusantara” karya Bernard H.M. Vlekke dapat dijadikan salah satu acuan untuk penguasa Jawa. Ada banyak versi terkait dengan sejarah kerajaan Hindu-Budha di Jawa beserta garis keturunan Dinasti Shailendra dan Sanjaya. Menurut buku tersebut, di abad ke-9 di pulau jawa tengah bagian selatan terdapat sebuah kerajaan yaitu Medang Kahuripan atau Mataram Kuno. Sekitar abad 9 raja yang bertahta berasal dari Dinasti Sanjaya. Terkait dengan detail sejarahnya, belum ada penelitian lebih detail tentang candi ini. Candi ini memiliki dua perkiraan, pertama pembangunan candi belum selesai atau kedua dibangun oleh masyarakat menengah ke bawah sehingga bentuknya terlihat sangat sederhana.</p>', '<ul><li>Persyaratan masuk: Gratis, mengisi buku tamu terlebih dahulu</li></ul>', '<ul><li>Selasa-Sabtu: 08.00-16.00 WIB</li><li>Minggu: Tutup</li></ul>', '<p>-</p>', 'https://www.google.com/maps/embed?pb=!1m14!1m8!1m3!1d15815.80508076467!2d110.4153702!3d-7.688379!3m2!1i1024!2i768!4f13.1!3m3!1m2!1s0x2e7a5e98339dfd6f%3A0x18a68e18165370b3!2sKimpulan%20Temple!5e0!3m2!1sen!2sid!4v1701248445183!5m2!1sen!2sid', 2, 'WhatsApp Image 2023-12-10 at 13.44.29.jpeg', 'kimpulan.JPG', 'kp1.JPEG,kp2.JPEG,kp3.JPEG,kp4.JPEG,kp5.JPEG', 'accept');

--
-- Indexes for dumped tables
--

--
-- Indexes for table `event`
--
ALTER TABLE `event`
  ADD PRIMARY KEY (`id`),
  ADD KEY `id_kategori_event` (`id_kategori`);

--
-- Indexes for table `kategori_event`
--
ALTER TABLE `kategori_event`
  ADD PRIMARY KEY (`id`);

--
-- Indexes for table `kategori_wisata`
--
ALTER TABLE `kategori_wisata`
  ADD PRIMARY KEY (`id`);

--
-- Indexes for table `user`
--
ALTER TABLE `user`
  ADD PRIMARY KEY (`id`);

--
-- Indexes for table `wisata`
--
ALTER TABLE `wisata`
  ADD PRIMARY KEY (`id`),
  ADD KEY `id_kategori` (`id_kategori`);

--
-- AUTO_INCREMENT for dumped tables
--

--
-- AUTO_INCREMENT for table `event`
--
ALTER TABLE `event`
  MODIFY `id` int(5) NOT NULL AUTO_INCREMENT, AUTO_INCREMENT=47;

--
-- AUTO_INCREMENT for table `kategori_event`
--
ALTER TABLE `kategori_event`
  MODIFY `id` int(5) NOT NULL AUTO_INCREMENT, AUTO_INCREMENT=6;

--
-- AUTO_INCREMENT for table `kategori_wisata`
--
ALTER TABLE `kategori_wisata`
  MODIFY `id` int(5) NOT NULL AUTO_INCREMENT, AUTO_INCREMENT=5;

--
-- AUTO_INCREMENT for table `user`
--
ALTER TABLE `user`
  MODIFY `id` int(5) NOT NULL AUTO_INCREMENT, AUTO_INCREMENT=13;

--
-- AUTO_INCREMENT for table `wisata`
--
ALTER TABLE `wisata`
  MODIFY `id` int(5) NOT NULL AUTO_INCREMENT, AUTO_INCREMENT=29;

--
-- Constraints for dumped tables
--

--
-- Constraints for table `event`
--
ALTER TABLE `event`
  ADD CONSTRAINT `event_ibfk_1` FOREIGN KEY (`id_kategori`) REFERENCES `kategori_event` (`id`);

--
-- Constraints for table `wisata`
--
ALTER TABLE `wisata`
  ADD CONSTRAINT `wisata_ibfk_1` FOREIGN KEY (`id_kategori`) REFERENCES `kategori_wisata` (`id`);
COMMIT;

/*!40101 SET CHARACTER_SET_CLIENT=@OLD_CHARACTER_SET_CLIENT */;
/*!40101 SET CHARACTER_SET_RESULTS=@OLD_CHARACTER_SET_RESULTS */;
/*!40101 SET COLLATION_CONNECTION=@OLD_COLLATION_CONNECTION */;
